Workbook
Name Slicer_Recruiter: #N/A

Sheet About
B1: Request Handoff Check
B2: Where hiring requests get stuck between approval and iCIMS
B3: A mini project by Showrish Reddy Sampath · Fall 2026 · All data is synthetic
B5: The question
B6: Hiring requests get approved on a request site, then retyped by hand into iCIMS for posting.
B7: So where does time get lost, and where does the data stop matching between the two systems?
B9: What I found
B10: • Finance is the bottleneck: 7.4 days per approval, nearly 3x the other steps, with 3 approvals stuck 2+ weeks.
B11: • Approved requests wait about 6 days before they're opened in iCIMS, lost to manual re-entry.
B12: • Average time to fill is 56.1 days, from final approval to accepted offer.
B13: • 7 fields don't match between systems: 4 job titles, 2 hiring managers and 1 department.
B14: • 3 iCIMS jobs have no request on file, including one with a typo in its ID (O instead of 0).
... B35: • Blue headers are fields from the system exports. Green headers are checks I added.

Sheet Dashboard
A1: Request Handoff Check | F1: KPI | G1: Value
A2: As of date | B2: 46295 | F2: Total requests | G2: =COUNTA(ReqSite_Export!A2:A82) -> 81
F3: Approved | G3: =COUNTIF(ReqSite_Export!J2:J82,"Approved") -> 60
A4: Title mismatches | B4: =COUNTIF(iCIMS_Export!Q2:Q57,FALSE) -> 4 | F4: Stale gaps | G4: =COUNTIF(ReqSite_Export!O2:O82,"Stale gap") -> 5
A5: Manager mismatches | B5: =COUNTIF(iCIMS_Export!S2:S57,FALSE) -> 2 | F5: Recent gaps | G5: =COUNTIF(ReqSite_Export!O2:O82,"Recent") -> 3
A6: Dept mismatches | B6: =COUNTIF(iCIMS_Export!U2:U57,FALSE) -> 1 | F6: No request on file | G6: =COUNTIF(iCIMS_Export!O2:O57,"No request on file") -> 3
A7: Duplicate rows | B7: =COUNTIF(ReqSite_Export!P2:P82,">1") -> 2 | F7: Opened before approval | G7: =COUNTIF(iCIMS_Export!O2:O57,"Opened before approval") -> 1
A8: Dates stored as text | B8: =COUNTIF(iCIMS_Export!H2:H57,"*") -> 3 | F8: Field mismatches | G8: =SUM(B4:B6) -> 7
A9: Missing locations | B9: =COUNTBLANK(ReqSite_Export!H2:H82) -> 3 | F9: Duplicate pairs | G9: =B7/2 -> 1
F10: Avg approval cycle | G10: =AVERAGE(ReqSite_Export!Q2:Q82) -> 12.75
A11: Approval step | B11: Avg days | C11: Pending | D11: Pending 14+ days | F11: Slowest step | G11: =_xlfn.XLOOKUP(MAX(B12:B14),B12:B14,A12:A14) -> 2 - Finance
A12: {=_xlfn.UNIQUE(Approvals_Log!B2:B217)} -> 1 - Dept Head | B12: =AVERAGEIFS(Approvals_Log!$G$2:$G$217,Approvals_Log!$B$2:$B$217,A12,Approvals_Log!$F$2:$F$217,"<>Pending") -> 2.6282051 | C12: =COUNTIFS(Approvals_Log!$F$2:$F$217,"Pending",Approvals_Log!$B$2:$B$217,A12) -> 3 | D12: =COUNTIFS(Approvals_Log!$F$2:$F$217,"Pending",Approvals_Log!$B$2:$B$217,A12,Approvals_Log!$G$2:$G$217,">=14") -> 1 | F12: Avg hand-off days | G12: =B16 -> 6.0192308
A13: 2 - Finance | B13: =AVERAGEIFS(Approvals_Log!$G$2:$G$217,Approvals_Log!$B$2:$B$217,A13,Approvals_Log!$F$2:$F$217,"<>Pending") -> 7.4242424 | C13: =COUNTIFS(Approvals_Log!$F$2:$F$217,"Pending",Approvals_Log!$B$2:$B$217,A13) -> 7 | D13: =COUNTIFS(Approvals_Log!$F$2:$F$217,"Pending",Approvals_Log!$B$2:$B$217,A13,Approvals_Log!$G$2:$G$217,">=14") -> 3 | F13: Avg time to fill | G13: =B17 -> 56.131579
A14: 3 - HR Business Partner | B14: =AVERAGEIFS(Approvals_Log!$G$2:$G$217,Approvals_Log!$B$2:$B$217,A14,Approvals_Log!$F$2:$F$217,"<>Pending") -> 2.6333333 | C14: =COUNTIFS(Approvals_Log!$F$2:$F$217,"Pending",Approvals_Log!$B$2:$B$217,A14) -> 2 | D14: =COUNTIFS(Approvals_Log!$F$2:$F$217,"Pending",Approvals_Log!$B$2:$B$217,A14,Approvals_Log!$G$2:$G$217,">=14") -> 0
A16: Avg hand-off days | B16: =AVERAGE(iCIMS_Export!W2:W57) -> 6.0192308
A17: Avg time to fill | B17: =AVERAGE(iCIMS_Export!X2:X57) -> 56.131579

Sheet ReqSite_Export
A1: Request ID | B1: Submitted On | C1: Hiring Manager | D1: Department | E1: Job Title | F1: Request Type | G1: Employment Type | H1: Location | I1: Target Start | J1: Request Status | K1: Final Approval Date | L1: In_iCIMS | M1: iCIMS_Job_ID | N1: Days_Since_Approval | O1: Gap_Flag | P1: Dup_Check | Q1: Approval_Cycle
A2: RR-26-0001 | B2: 46027 | C2: Kevin Doyle | D2: IT | E2: Systems Administrator | F2: New Headcount | G2: Full-time | H2: London | I2: 46111 | J2: Approved | K2: 46048 | L2: =IF(COUNTIF(iCIMS_Export!M:M,A2)>0,"Yes","No") -> Yes | M2: =_xlfn.XLOOKUP(A2,iCIMS_Export!$M$2:$M$57,iCIMS_Export!$A$2:$A$57,"") -> 4103 | N2: =IF(J2="Approved",Dashboard!$B$2-K2,"") -> 247 | O2: =IF(AND(J2="Approved",L2="No"),IF(N2>7,"Stale gap","Recent"),"") | P2: =COUNTIFS($C$2:$C$82,C2,$E$2:$E$82,E2,$B$2:$B$82,">="&B2-7,$B$2:$B$82,"<="&B2+7) -> 1 | Q2: =IF(J2="Approved",K2-B2,"") -> 21
A3: RR-26-0002 | B3: 46030 | C3: Elena Vasquez | D3: Research | E3: Research Director | F3: New Headcount | G3: Full-time | H3: Remote (US) | I3: 46111 | J3: Approved | K3: 46043 | L3: =IF(COUNTIF(iCIMS_Export!M:M,A3)>0,"Yes","No") -> Yes | M3: =_xlfn.XLOOKUP(A3,iCIMS_Export!$M$2:$M$57,iCIMS_Export!$A$2:$A$57,"") -> 4101 | N3: =IF(J3="Approved",Dashboard!$B$2-K3,"") -> 252 | O3: =IF(AND(J3="Approved",L3="No"),IF(N3>7,"Stale gap","Recent"),"") | P3: =COUNTIFS($C$2:$C$82,C3,$E$2:$E$82,E3,$B$2:$B$82,">="&B3-7,$B$2:$B$82,"<="&B3+7) -> 1 | Q3: =IF(J3="Approved",K3-B3,"") -> 13
A4: RR-26-0003 | B4: 46035 | C4: Carlos Mendes | D4: Sales | E4: Sales Operations Analyst | F4: Backfill | G4: Part-time | H4: London | I4: 46083 | J4: Approved | K4: 46045 | L4: =IF(COUNTIF(iCIMS_Export!M:M,A4)>0,"Yes","No") -> Yes | M4: =_xlfn.XLOOKUP(A4,iCIMS_Export!$M$2:$M$57,iCIMS_Export!$A$2:$A$57,"") -> 4102 | N4: =IF(J4="Approved",Dashboard!$B$2-K4,"") -> 250 | O4: =IF(AND(J4="Approved",L4="No"),IF(N4>7,"Stale gap","Recent"),"") | P4: =COUNTIFS($C$2:$C$82,C4,$E$2:$E$82,E4,$B$2:$B$82,">="&B4-7,$B$2:$B$82,"<="&B4+7) -> 1 | Q4: =IF(J4="Approved",K4-B4,"") -> 10
A5: RR-26-0004 | B5: 46037 | C5: Michael Grant | D5: Sales | E5: Account Executive | F5: Backfill | G5: Full-time | H5: Boston | I5: 46120 | J5: Approved | K5: 46048 | L5: =IF(COUNTIF(iCIMS_Export!M:M,A5)>0,"Yes","No") -> Yes | M5: =_xlfn.XLOOKUP(A5,iCIMS_Export!$M$2:$M$57,iCIMS_Export!$A$2:$A$57,"") -> 4106 | N5: =IF(J5="Approved",Dashboard!$B$2-K5,"") -> 247 | O5: =IF(AND(J5="Approved",L5="No"),IF(N5>7,"Stale gap","Recent"),"") | P5: =COUNTIFS($C$2:$C$82,C5,$E$2:$E$82,E5,$B$2:$B$82,">="&B5-7,$B$2:$B$82,"<="&B5+7) -> 1 | Q5: =IF(J5="Approved",K5-B5,"") -> 11
A6: RR-26-0005 | B6: 46038 | C6: Victor Salgado | D6: Events | E6: Event Coordinator | F6: Backfill | G6: Full-time | H6: London | I6: 46090 | J6: Approved | K6: 46048 | L6: =IF(COUNTIF(iCIMS_Export!M:M,A6)>0,"Yes","No") -> Yes | M6: =_xlfn.XLOOKUP(A6,iCIMS_Export!$M$2:$M$57,iCIMS_Export!$A$2:$A$57,"") -> 4107 | N6: =IF(J6="Approved",Dashboard!$B$2-K6,"") -> 247 | O6: =IF(AND(J6="Approved",L6="No"),IF(N6>7,"Stale gap","Recent"),"") | P6: =COUNTIFS($C$2:$C$82,C6,$E$2:$E$82,E6,$B$2:$B$82,">="&B6-7,$B$2:$B$82,"<="&B6+7) -> 1 | Q6: =IF(J6="Approved",K6-B6,"") -> 10
A7: RR-26-0006 | B7: 46041 | C7: Paul Mercer | D7: Finance | E7: Financial Analyst | F7: Backfill | G7: Full-time | H7: London | I7: 46104 | J7: Approved | K7: 46055 | L7: =IF(COUNTIF(iCIMS_Export!M:M,A7)>0,"Yes","No") -> Yes | M7: =_xlfn.XLOOKUP(A7,iCIMS_Export!$M$2:$M$57,iCIMS_Export!$A$2:$A$57,"") -> 4104 | N7: =IF(J7="Approved",Dashboard!$B$2-K7,"") -> 240 | O7: =IF(AND(J7="Approved",L7="No"),IF(N7>7,"Stale gap","Recent"),"") | P7: =COUNTIFS($C$2:$C$82,C7,$E$2:$E$82,E7,$B$2:$B$82,">="&B7-7,$B$2:$B$82,"<="&B7+7) -> 1 | Q7: =IF(J7="Approved",K7-B7,"") -> 14
A8: RR-26-0007 | B8: 46042 | C8: Daniel Osei | D8: Product | E8: Product Manager | F8: Backfill | G8: Full-time | H8: Boston | I8: 46115 | J8: Approved | K8: 46055 | L8: =IF(COUNTIF(iCIMS_Export!M:M,A8)>0,"Yes","No") -> Yes | M8: =_xlfn.XLOOKUP(A8,iCIMS_Export!$M$2:$M$57,iCIMS_Export!$A$2:$A$57,"") -> 4105 | N8: =IF(J8="Approved",Dashboard!$B$2-K8,"") -> 240 | O8: =IF(AND(J8="Approved",L8="No"),IF(N8>7,"Stale gap","Recent"),"") | P8: =COUNTIFS($C$2:$C$82,C8,$E$2:$E$82,E8,$B$2:$B$82,">="&B8-7,$B$2:$B$82,"<="&B8+7) -> 1 | Q8: =IF(J8="Approved",K8-B8,"") -> 13
A9: RR-26-0008 | B9: 46044 | C9: Jasmine Reid | D9: Sales | E9: Sales Operations Analyst | F9: Backfill | G9: Full-time | H9: London | I9: 46115 | J9: Approved | K9: 46052 | L9: =IF(COUNTIF(iCIMS_Export!M:M,A9)>0,"Yes","No") -> Yes | M9: =_xlfn.XLOOKUP(A9,iCIMS_Export!$M$2:$M$57,iCIMS_Export!$A$2:$A$57,"") -> 4108 | N9: =IF(J9="Approved",Dashboard!$B$2-K9,"") -> 243 | O9: =IF(AND(J9="Approved",L9="No"),IF(N9>7,"Stale gap","Recent"),"") | P9: =COUNTIFS($C$2:$C$82,C9,$E$2:$E$82,E9,$B$2:$B$82,">="&B9-7,$B$2:$B$82,"<="&B9+7) -> 1 | Q9: =IF(J9="Approved",K9-B9,"") -> 8
A10: RR-26-0009 | B10: 46049 | C10: Carlos Mendes | D10: Sales | E10: Account Executive | F10: New Headcount | G10: Full-time | H10: Boston | I10: 46135 | J10: Approved | K10: 46070 | L10: =IF(COUNTIF(iCIMS_Export!M:M,A10)>0,"Yes","No") -> Yes | M10: =_xlfn.XLOOKUP(A10,iCIMS_Export!$M$2:$M$57,iCIMS_Export!$A$2:$A$57,"") -> 4109 | N10: =IF(J10="Approved",Dashboard!$B$2-K10,"") -> 225 | O10: =IF(AND(J10="Approved",L10="No"),IF(N10>7,"Stale gap","Recent"),"") | P10: =COUNTIFS($C$2:$C$82,C10,$E$2:$E$82,E10,$B$2:$B$82,">="&B10-7,$B$2:$B$82,"<="&B10+7) -> 1 | Q10: =IF(J10="Approved",K10-B10,"") -> 21
A11: RR-26-0010 | B11: 46056 | C11: Grace Holloway | D11: Events | E11: Event Marketing Manager | F11: New Headcount | G11: Full-time | H11: London | I11: 46134 | J11: Approved | K11: 46076 | L11: =IF(COUNTIF(iCIMS_Export!M:M,A11)>0,"Yes","No") -> Yes | M11: =_xlfn.XLOOKUP(A11,iCIMS_Export!$M$2:$M$57,iCIMS_Export!$A$2:$A$57,"") -> 4113 | N11: =IF(J11="Approved",Dashboard!$B$2-K11,"") -> 219 | O11: =IF(AND(J11="Approved",L11="No"),IF(N11>7,"Stale gap","Recent"),"") | P11: =COUNTIFS($C$2:$C$82,C11,$E$2:$E$82,E11,$B$2:$B$82,">="&B11-7,$B$2:$B$82,"<="&B11+7) -> 1 | Q11: =IF(J11="Approved",K11-B11,"") -> 20
A12: RR-26-0011 | B12: 46064 | C12: Olivia Chen | D12: Marketing | E12: Product Marketing Manager | F12: New Headcount | G12: Full-time | H12: Boston | I12: 46141 | J12: Approved | K12: 46073 | L12: =IF(COUNTIF(iCIMS_Export!M:M,A12)>0,"Yes","No") -> Yes | M12: =_xlfn.XLOOKUP(A12,iCIMS_Export!$M$2:$M$57,iCIMS_Export!$A$2:$A$57,"") -> 4110 | N12: =IF(J12="Approved",Dashboard!$B$2-K12,"") -> 222 | O12: =IF(AND(J12="Approved",L12="No"),IF(N12>7,"Stale gap","Recent"),"") | P12: =COUNTIFS($C$2:$C$82,C12,$E$2:$E$82,E12,$B$2:$B$82,">="&B12-7,$B$2:$B$82,"<="&B12+7) -> 1 | Q12: =IF(J12="Approved",K12-B12,"") -> 9
A13: RR-26-0012 | B13: 46076 | C13: Daniel Osei | D13: Product | E13: Senior Product Manager | F13: Backfill | G13: Full-time | H13: London | I13: 46136 | J13: Approved | K13: 46084 | L13: =IF(COUNTIF(iCIMS_Export!M:M,A13)>0,"Yes","No") -> Yes | M13: =_xlfn.XLOOKUP(A13,iCIMS_Export!$M$2:$M$57,iCIMS_Export!$A$2:$A$57,"") -> 4112 | N13: =IF(J13="Approved",Dashboard!$B$2-K13,"") -> 211 | O13: =IF(AND(J13="Approved",L13="No"),IF(N13>7,"Stale gap","Recent"),"") | P13: =COUNTIFS($C$2:$C$82,C13,$E$2:$E$82,E13,$B$2:$B$82,">="&B13-7,$B$2:$B$82,"<="&B13+7) -> 1 | Q13: =IF(J13="Approved",K13-B13,"") -> 8
A14: RR-26-0013 | B14: 46078 | C14: Fatima Hassan | D14: IT | E14: IT Support Specialist | F14: New Headcount | G14: Full-time | H14: Boston | I14: 46141 | J14: Rejected | L14: =IF(COUNTIF(iCIMS_Export!M:M,A14)>0,"Yes","No") -> No | M14: =_xlfn.XLOOKUP(A14,iCIMS_Export!$M$2:$M$57,iCIMS_Export!$A$2:$A$57,"") | N14: =IF(J14="Approved",Dashboard!$B$2-K14,"") | O14: =IF(AND(J14="Approved",L14="No"),IF(N14>7,"Stale gap","Recent"),"") | P14: =COUNTIFS($C$2:$C$82,C14,$E$2:$E$82,E14,$B$2:$B$82,">="&B14-7,$B$2:$B$82,"<="&B14+7) -> 1 | Q14: =IF(J14="Approved",K14-B14,"")
A15: RR-26-0014 | B15: 46084 | C15: Julia Novak | D15: Human Resources | E15: HRIS Analyst | F15: New Headcount | G15: Full-time | H15: Boston | I15: 46162 | J15: Approved | K15: 46097 | L15: =IF(COUNTIF(iCIMS_Export!M:M,A15)>0,"Yes","No") -> Yes | M15: =_xlfn.XLOOKUP(A15,iCIMS_Export!$M$2:$M$57,iCIMS_Export!$A$2:$A$57,"") -> 4115 | N15: =IF(J15="Approved",Dashboard!$B$2-K15,"") -> 198 | O15: =IF(AND(J15="Approved",L15="No"),IF(N15>7,"Stale gap","Recent"),"") | P15: =COUNTIFS($C$2:$C$82,C15,$E$2:$E$82,E15,$B$2:$B$82,">="&B15-7,$B$2:$B$82,"<="&B15+7) -> 1 | Q15: =IF(J15="Approved",K15-B15,"") -> 13
A16: RR-26-0015 | B16: 46084 | C16: Sofia Marino | D16: Consulting | E16: Engagement Manager | F16: Backfill | G16: Full-time | H16: Toronto | I16: 46164 | J16: Approved | K16: 46094 | L16: =IF(COUNTIF(iCIMS_Export!M:M,A16)>0,"Yes","No") -> Yes | M16: =_xlfn.XLOOKUP(A16,iCIMS_Export!$M$2:$M$57,iCIMS_Export!$A$2:$A$57,"") -> 4114 | N16: =IF(J16="Approved",Dashboard!$B$2-K16,"") -> 201 | O16: =IF(AND(J16="Approved",L16="No"),IF(N16>7,"Stale gap","Recent"),"") | P16: =COUNTIFS($C$2:$C$82,C16,$E$2:$E$82,E16,$B$2:$B$82,">="&B16-7,$B$2:$B$82,"<="&B16+7) -> 1 | Q16: =IF(J16="Approved",K16-B16,"") -> 10
A17: RR-26-0016 | B17: 46087 | C17: Amy Sorensen | D17: Data & Analytics | E17: Data Engineer | F17: Backfill | G17: Contract | H17: Boston | I17: 46167 | J17: Approved | K17: 46099 | L17: =IF(COUNTIF(iCIMS_Export!M:M,A17)>0,"Yes","No") -> Yes | M17: =_xlfn.XLOOKUP(A17,iCIMS_Export!$M$2:$M$57,iCIMS_Export!$A$2:$A$57,"") -> 4116 | N17: =IF(J17="Approved",Dashboard!$B$2-K17,"") -> 196 | O17: =IF(AND(J17="Approved",L17="No"),IF(N17>7,"Stale gap","Recent"),"") | P17: =COUNTIFS($C$2:$C$82,C17,$E$2:$E$82,E17,$B$2:$B$82,">="&B17-7,$B$2:$B$82,"<="&B17+7) -> 1 | Q17: =IF(J17="Approved",K17-B17,"") -> 12
A18: RR-26-0017 | B18: 46094 | C18: Lisa Tran | D18: Finance | E18: Senior Accountant | F18: Backfill | G18: Full-time | H18: Boston | I18: 46148 | J18: Approved | K18: 46121 | L18: =IF(COUNTIF(iCIMS_Export!M:M,A18)>0,"Yes","No") -> Yes | M18: =_xlfn.XLOOKUP(A18,iCIMS_Export!$M$2:$M$57,iCIMS_Export!$A$2:$A$57,"") -> 4118 | N18: =IF(J18="Approved",Dashboard!$B$2-K18,"") -> 174 | O18: =IF(AND(J18="Approved",L18="No"),IF(N18>7,"Stale gap","Recent"),"") | P18: =COUNTIFS($C$2:$C$82,C18,$E$2:$E$82,E18,$B$2:$B$82,">="&B18-7,$B$2:$B$82,"<="&B18+7) -> 1 | Q18: =IF(J18="Approved",K18-B18,"") -> 27
A19: RR-26-0018 | B19: 46100 | C19: Michael Grant | D19: Sales | E19: Sales Development Representative | F19: New Headcount | G19: Full-time | H19: Boston | I19: 46188 | J19: Withdrawn | L19: =IF(COUNTIF(iCIMS_Export!M:M,A19)>0,"Yes","No") -> No | M19: =_xlfn.XLOOKUP(A19,iCIMS_Export!$M$2:$M$57,iCIMS_Export!$A$2:$A$57,"") | N19: =IF(J19="Approved",Dashboard!$B$2-K19,"") | O19: =IF(AND(J19="Approved",L19="No"),IF(N19>7,"Stale gap","Recent"),"") | P19: =COUNTIFS($C$2:$C$82,C19,$E$2:$E$82,E19,$B$2:$B$82,">="&B19-7,$B$2:$B$82,"<="&B19+7) -> 1 | Q19: =IF(J19="Approved",K19-B19,"")
A20: RR-26-0019 | B20: 46107 | C20: Jasmine Reid | D20: Sales | E20: Sales Operations Analyst | F20: Backfill | G20: Full-time | H20: Remote (US) | I20: 46197 | J20: Withdrawn | L20: =IF(COUNTIF(iCIMS_Export!M:M,A20)>0,"Yes","No") -> No | M20: =_xlfn.XLOOKUP(A20,iCIMS_Export!$M$2:$M$57,iCIMS_Export!$A$2:$A$57,"") | N20: =IF(J20="Approved",Dashboard!$B$2-K20,"") | O20: =IF(AND(J20="Approved",L20="No"),IF(N20>7,"Stale gap","Recent"),"") | P20: =COUNTIFS($C$2:$C$82,C20,$E$2:$E$82,E20,$B$2:$B$82,">="&B20-7,$B$2:$B$82,"<="&B20+7) -> 1 | Q20: =IF(J20="Approved",K20-B20,"")
A21: RR-26-0020 | B21: 46108 | C21: Grace Holloway | D21: Events | E21: Event Marketing Manager | F21: New Headcount | G21: Full-time | H21: London | I21: 46176 | J21: Approved | K21: 46118 | L21: =IF(COUNTIF(iCIMS_Export!M:M,A21)>0,"Yes","No") -> Yes | M21: =_xlfn.XLOOKUP(A21,iCIMS_Export!$M$2:$M$57,iCIMS_Export!$A$2:$A$57,"") -> 4117 | N21: =IF(J21="Approved",Dashboard!$B$2-K21,"") -> 177 | O21: =IF(AND(J21="Approved",L21="No"),IF(N21>7,"Stale gap","Recent"),"") | P21: =COUNTIFS($C$2:$C$82,C21,$E$2:$E$82,E21,$B$2:$B$82,">="&B21-7,$B$2:$B$82,"<="&B21+7) -> 1 | Q21: =IF(J21="Approved",K21-B21,"") -> 10
A22: RR-26-0021 | B22: 46112 | C22: Nikhil Rao | D22: Data & Analytics | E22: Analytics Engineer | F22: New Headcount | G22: Full-time | H22: Boston | I22: 46199 | J22: Approved | K22: 46133 | L22: =IF(COUNTIF(iCIMS_Export!M:M,A22)>0,"Yes","No") -> Yes | M22: =_xlfn.XLOOKUP(A22,iCIMS_Export!$M$2:$M$57,iCIMS_Export!$A$2:$A$57,"") -> 4120 | N22: =IF(J22="Approved",Dashboard!$B$2-K22,"") -> 162 | O22: =IF(AND(J22="Approved",L22="No"),IF(N22>7,"Stale gap","Recent"),"") | P22: =COUNTIFS($C$2:$C$82,C22,$E$2:$E$82,E22,$B$2:$B$82,">="&B22-7,$B$2:$B$82,"<="&B22+7) -> 1 | Q22: =IF(J22="Approved",K22-B22,"") -> 21
A23: RR-26-0022 | B23: 46114 | C23: Olivia Chen | D23: Marketing | E23: Content Marketing Manager | F23: New Headcount | G23: Full-time | H23: Boston | I23: 46196 | J23: Approved | K23: 46126 | L23: =IF(COUNTIF(iCIMS_Export!M:M,A23)>0,"Yes","No") -> Yes | M23: =_xlfn.XLOOKUP(A23,iCIMS_Export!$M$2:$M$57,iCIMS_Export!$A$2:$A$57,"") -> 4119 | N23: =IF(J23="Approved",Dashboard!$B$2-K23,"") -> 169 | O23: =IF(AND(J23="Approved",L23="No"),IF(N23>7,"Stale gap","Recent"),"") | P23: =COUNTIFS($C$2:$C$82,C23,$E$2:$E$82,E23,$B$2:$B$82,">="&B23-7,$B$2:$B$82,"<="&B23+7) -> 1 | Q23: =IF(J23="Approved",K23-B23,"") -> 12
A24: RR-26-0023 | B24: 46115 | C24: Robert Hayes | D24: Human Resources | E24: Benefits Specialist | F24: New Headcount | G24: Full-time | H24: London | I24: 46195 | J24: Approved | K24: 46136 | L24: =IF(COUNTIF(iCIMS_Export!M:M,A24)>0,"Yes","No") -> Yes | M24: =_xlfn.XLOOKUP(A24,iCIMS_Export!$M$2:$M$57,iCIMS_Export!$A$2:$A$57,"") -> 4122 | N24: =IF(J24="Approved",Dashboard!$B$2-K24,"") -> 159 | O24: =IF(AND(J24="Approved",L24="No"),IF(N24>7,"Stale gap","Recent"),"") | P24: =COUNTIFS($C$2:$C$82,C24,$E$2:$E$82,E24,$B$2:$B$82,">="&B24-7,$B$2:$B$82,"<="&B24+7) -> 1 | Q24: =IF(J24="Approved",K24-B24,"") -> 21
A25: RR-26-0024 | B25: 46115 | C25: Olivia Chen | D25: Marketing | E25: Product Marketing Manager | F25: New Headcount | G25: Full-time | H25: Boston | I25: 46174 | J25: Rejected | L25: =IF(COUNTIF(iCIMS_Export!M:M,A25)>0,"Yes","No") -> No | M25: =_xlfn.XLOOKUP(A25,iCIMS_Export!$M$2:$M$57,iCIMS_Export!$A$2:$A$57,"") | N25: =IF(J25="Approved",Dashboard!$B$2-K25,"") | O25: =IF(AND(J25="Approved",L25="No"),IF(N25>7,"Stale gap","Recent"),"") | P25: =COUNTIFS($C$2:$C$82,C25,$E$2:$E$82,E25,$B$2:$B$82,">="&B25-7,$B$2:$B$82,"<="&B25+7) -> 1 | Q25: =IF(J25="Approved",K25-B25,"")
A26: RR-26-0025 | B26: 46119 | C26: Elena Vasquez | D26: Research | E26: Research Analyst | F26: Backfill | G26: Full-time | H26: Toronto | I26: 46184 | J26: Approved | K26: 46147 | L26: =IF(COUNTIF(iCIMS_Export!M:M,A26)>0,"Yes","No") -> Yes | M26: =_xlfn.XLOOKUP(A26,iCIMS_Export!$M$2:$M$57,iCIMS_Export!$A$2:$A$57,"") -> 4127 | N26: =IF(J26="Approved",Dashboard!$B$2-K26,"") -> 148 | O26: =IF(AND(J26="Approved",L26="No"),IF(N26>7,"Stale gap","Recent"),"") | P26: =COUNTIFS($C$2:$C$82,C26,$E$2:$E$82,E26,$B$2:$B$82,">="&B26-7,$B$2:$B$82,"<="&B26+7) -> 1 | Q26: =IF(J26="Approved",K26-B26,"") -> 28
A27: RR-26-0026 | B27: 46127 | C27: Brian Cho | D27: Research | E27: Research Manager | F27: New Headcount | G27: Full-time | H27: Remote (US) | I27: 46216 | J27: Approved | K27: 46142 | L27: =IF(COUNTIF(iCIMS_Export!M:M,A27)>0,"Yes","No") -> Yes | M27: =_xlfn.XLOOKUP(A27,iCIMS_Export!$M$2:$M$57,iCIMS_Export!$A$2:$A$57,"") -> 4123 | N27: =IF(J27="Approved",Dashboard!$B$2-K27,"") -> 153 | O27: =IF(AND(J27="Approved",L27="No"),IF(N27>7,"Stale gap","Recent"),"") | P27: =COUNTIFS($C$2:$C$82,C27,$E$2:$E$82,E27,$B$2:$B$82,">="&B27-7,$B$2:$B$82,"<="&B27+7) -> 1 | Q27: =IF(J27="Approved",K27-B27,"") -> 15
A28: RR-26-0027 | B28: 46128 | C28: Robert Hayes | D28: Human Resources | E28: HRIS Analyst | F28: New Headcount | G28: Full-time | H28: Boston | I28: 46197 | J28: Approved | K28: 46141 | L28: =IF(COUNTIF(iCIMS_Export!M:M,A28)>0,"Yes","No") -> Yes | M28: =_xlfn.XLOOKUP(A28,iCIMS_Export!$M$2:$M$57,iCIMS_Export!$A$2:$A$57,"") -> 4124 | N28: =IF(J28="Approved",Dashboard!$B$2-K28,"") -> 154 | O28: =IF(AND(J28="Approved",L28="No"),IF(N28>7,"Stale gap","Recent"),"") | P28: =COUNTIFS($C$2:$C$82,C28,$E$2:$E$82,E28,$B$2:$B$82,">="&B28-7,$B$2:$B$82,"<="&B28+7) -> 1 | Q28: =IF(J28="Approved",K28-B28,"") -> 13
A29: RR-26-0028 | B29: 46132 | C29: Fatima Hassan | D29: IT | E29: IT Support Specialist | F29: New Headcount | G29: Full-time | H29: Boston | I29: 46185 | J29: Approved | K29: 46148 | L29: =IF(COUNTIF(iCIMS_Export!M:M,A29)>0,"Yes","No") -> Yes | M29: =_xlfn.XLOOKUP(A29,iCIMS_Export!$M$2:$M$57,iCIMS_Export!$A$2:$A$57,"") -> 4126 | N29: =IF(J29="Approved",Dashboard!$B$2-K29,"") -> 147 | O29: =IF(AND(J29="Approved",L29="No"),IF(N29>7,"Stale gap","Recent"),"") | P29: =COUNTIFS($C$2:$C$82,C29,$E$2:$E$82,E29,$B$2:$B$82,">="&B29-7,$B$2:$B$82,"<="&B29+7) -> 1 | Q29: =IF(J29="Approved",K29-B29,"") -> 16
A30: RR-26-0029 | B30: 46133 | C30: Ethan Park | D30: Marketing | E30: Marketing Operations Specialist | F30: New Headcount | G30: Full-time | H30: Boston | I30: 46196 | J30: Approved | K30: 46142 | L30: =IF(COUNTIF(iCIMS_Export!M:M,A30)>0,"Yes","No") -> Yes | M30: =_xlfn.XLOOKUP(A30,iCIMS_Export!$M$2:$M$57,iCIMS_Export!$A$2:$A$57,"") -> 4121 | N30: =IF(J30="Approved",Dashboard!$B$2-K30,"") -> 153 | O30: =IF(AND(J30="Approved",L30="No"),IF(N30>7,"Stale gap","Recent"),"") | P30: =COUNTIFS($C$2:$C$82,C30,$E$2:$E$82,E30,$B$2:$B$82,">="&B30-7,$B$2:$B$82,"<="&B30+7) -> 1 | Q30: =IF(J30="Approved",K30-B30,"") -> 9
A31: RR-26-0030 | B31: 46136 | C31: Amy Sorensen | D31: Data & Analytics | E31: Analytics Engineer | F31: New Headcount | G31: Full-time | H31: Boston | I31: 46225 | J31: Approved | K31: 46146 | L31: =IF(COUNTIF(iCIMS_Export!M:M,A31)>0,"Yes","No") -> Yes | M31: =_xlfn.XLOOKUP(A31,iCIMS_Export!$M$2:$M$57,iCIMS_Export!$A$2:$A$57,"") -> 4125 | N31: =IF(J31="Approved",Dashboard!$B$2-K31,"") -> 149 | O31: =IF(AND(J31="Approved",L31="No"),IF(N31>7,"Stale gap","Recent"),"") | P31: =COUNTIFS($C$2:$C$82,C31,$E$2:$E$82,E31,$B$2:$B$82,">="&B31-7,$B$2:$B$82,"<="&B31+7) -> 1 | Q31: =IF(J31="Approved",K31-B31,"") -> 10
A32: RR-26-0031 | B32: 46142 | C32: Brian Cho | D32: Research | E32: Senior Research Analyst | F32: New Headcount | G32: Full-time | H32: Boston | I32: 46219 | J32: Withdrawn | L32: =IF(COUNTIF(iCIMS_Export!M:M,A32)>0,"Yes","No") -> No | M32: =_xlfn.XLOOKUP(A32,iCIMS_Export!$M$2:$M$57,iCIMS_Export!$A$2:$A$57,"") | N32: =IF(J32="Approved",Dashboard!$B$2-K32,"") | O32: =IF(AND(J32="Approved",L32="No"),IF(N32>7,"Stale gap","Recent"),"") | P32: =COUNTIFS($C$2:$C$82,C32,$E$2:$E$82,E32,$B$2:$B$82,">="&B32-7,$B$2:$B$82,"<="&B32+7) -> 1 | Q32: =IF(J32="Approved",K32-B32,"")
A33: RR-26-0032 | B33: 46150 | C33: Megan O'Neill | D33: Research | E33: Research Analyst | F33: New Headcount | G33: Full-time | I33: 46204 | J33: Approved | K33: 46160 | L33: =IF(COUNTIF(iCIMS_Export!M:M,A33)>0,"Yes","No") -> Yes | M33: =_xlfn.XLOOKUP(A33,iCIMS_Export!$M$2:$M$57,iCIMS_Export!$A$2:$A$57,"") -> 4128 | N33: =IF(J33="Approved",Dashboard!$B$2-K33,"") -> 135 | O33: =IF(AND(J33="Approved",L33="No"),IF(N33>7,"Stale gap","Recent"),"") | P33: =COUNTIFS($C$2:$C$82,C33,$E$2:$E$82,E33,$B$2:$B$82,">="&B33-7,$B$2:$B$82,"<="&B33+7) -> 1 | Q33: =IF(J33="Approved",K33-B33,"") -> 10
A34: RR-26-0033 | B34: 46156 | C34: Elena Vasquez | D34: Research | E34: Research Analyst | F34: New Headcount | G34: Full-time | H34: Boston | I34: 46241 | J34: Approved | K34: 46170 | L34: =IF(COUNTIF(iCIMS_Export!M:M,A34)>0,"Yes","No") -> Yes | M34: =_xlfn.XLOOKUP(A34,iCIMS_Export!$M$2:$M$57,iCIMS_Export!$A$2:$A$57,"") -> 4129 | N34: =IF(J34="Approved",Dashboard!$B$2-K34,"") -> 125 | O34: =IF(AND(J34="Approved",L34="No"),IF(N34>7,"Stale gap","Recent"),"") | P34: =COUNTIFS($C$2:$C$82,C34,$E$2:$E$82,E34,$B$2:$B$82,">="&B34-7,$B$2:$B$82,"<="&B34+7) -> 1 | Q34: =IF(J34="Approved",K34-B34,"") -> 14
A35: RR-26-0034 | B35: 46161 | C35: Sofia Marino | D35: Consulting | E35: Senior Consultant | F35: New Headcount | G35: Full-time | H35: Boston | I35: 46227 | J35: Approved | K35: 46169 | L35: =IF(COUNTIF(iCIMS_Export!M:M,A35)>0,"Yes","No") -> Yes | M35: =_xlfn.XLOOKUP(A35,iCIMS_Export!$M$2:$M$57,iCIMS_Export!$A$2:$A$57,"") -> 4132 | N35: =IF(J35="Approved",Dashboard!$B$2-K35,"") -> 126 | O35: =IF(AND(J35="Approved",L35="No"),IF(N35>7,"Stale gap","Recent"),"") | P35: =COUNTIFS($C$2:$C$82,C35,$E$2:$E$82,E35,$B$2:$B$82,">="&B35-7,$B$2:$B$82,"<="&B35+7) -> 1 | Q35: =IF(J35="Approved",K35-B35,"") -> 8
A36: RR-26-0035 | B36: 46164 | C36: Kevin Doyle | D36: IT | E36: Systems Administrator | F36: Backfill | G36: Full-time | H36: Boston | I36: 46251 | J36: Rejected | L36: =IF(COUNTIF(iCIMS_Export!M:M,A36)>0,"Yes","No") -> No | M36: =_xlfn.XLOOKUP(A36,iCIMS_Export!$M$2:$M$57,iCIMS_Export!$A$2:$A$57,"") | N36: =IF(J36="Approved",Dashboard!$B$2-K36,"") | O36: =IF(AND(J36="Approved",L36="No"),IF(N36>7,"Stale gap","Recent"),"") | P36: =COUNTIFS($C$2:$C$82,C36,$E$2:$E$82,E36,$B$2:$B$82,">="&B36-7,$B$2:$B$82,"<="&B36+7) -> 1 | Q36: =IF(J36="Approved",K36-B36,"")
A37: RR-26-0036 | B37: 46164 | C37: Carlos Mendes | D37: Sales | E37: Sales Development Representative | F37: Backfill | G37: Full-time | H37: Boston | I37: 46232 | J37: Approved | K37: 46178 | L37: =IF(COUNTIF(iCIMS_Export!M:M,A37)>0,"Yes","No") -> Yes | M37: =_xlfn.XLOOKUP(A37,iCIMS_Export!$M$2:$M$57,iCIMS_Export!$A$2:$A$57,"") -> 4130 | N37: =IF(J37="Approved",Dashboard!$B$2-K37,"") -> 117 | O37: =IF(AND(J37="Approved",L37="No"),IF(N37>7,"Stale gap","Recent"),"") | P37: =COUNTIFS($C$2:$C$82,C37,$E$2:$E$82,E37,$B$2:$B$82,">="&B37-7,$B$2:$B$82,"<="&B37+7) -> 1 | Q37: =IF(J37="Approved",K37-B37,"") -> 14
A38: RR-26-0037 | B38: 46170 | C38: Elena Vasquez | D38: Research | E38: Senior Research Analyst | F38: Backfill | G38: Full-time | H38: Boston | I38: 46239 | J38: Approved | K38: 46181 | L38: =IF(COUNTIF(iCIMS_Export!M:M,A38)>0,"Yes","No") -> Yes | M38: =_xlfn.XLOOKUP(A38,iCIMS_Export!$M$2:$M$57,iCIMS_Export!$A$2:$A$57,"") -> 4131 | N38: =IF(J38="Approved",Dashboard!$B$2-K38,"") -> 114 | O38: =IF(AND(J38="Approved",L38="No"),IF(N38>7,"Stale gap","Recent"),"") | P38: =COUNTIFS($C$2:$C$82,C38,$E$2:$E$82,E38,$B$2:$B$82,">="&B38-7,$B$2:$B$82,"<="&B38+7) -> 1 | Q38: =IF(J38="Approved",K38-B38,"") -> 11
A39: RR-26-0038 | B39: 46176 | C39: Ethan Park | D39: Marketing | E39: Digital Marketing Analyst | F39: New Headcount | G39: Full-time | I39: 46246 | J39: Approved | K39: 46188 | L39: =IF(COUNTIF(iCIMS_Export!M:M,A39)>0,"Yes","No") -> Yes | M39: =_xlfn.XLOOKUP(A39,iCIMS_Export!$M$2:$M$57,iCIMS_Export!$A$2:$A$57,"") -> 4134 | N39: =IF(J39="Approved",Dashboard!$B$2-K39,"") -> 107 | O39: =IF(AND(J39="Approved",L39="No"),IF(N39>7,"Stale gap","Recent"),"") | P39: =COUNTIFS($C$2:$C$82,C39,$E$2:$E$82,E39,$B$2:$B$82,">="&B39-7,$B$2:$B$82,"<="&B39+7) -> 1 | Q39: =IF(J39="Approved",K39-B39,"") -> 12
A40: RR-26-0039 | B40: 46181 | C40: Jasmine Reid | D40: Sales | E40: Account Manager | F40: New Headcount | G40: Full-time | H40: Boston | I40: 46234 | J40: Approved | K40: 46195 | L40: =IF(COUNTIF(iCIMS_Export!M:M,A40)>0,"Yes","No") -> No | M40: =_xlfn.XLOOKUP(A40,iCIMS_Export!$M$2:$M$57,iCIMS_Export!$A$2:$A$57,"") | N40: =IF(J40="Approved",Dashboard!$B$2-K40,"") -> 100 | O40: =IF(AND(J40="Approved",L40="No"),IF(N40>7,"Stale gap","Recent"),"") -> Stale gap | P40: =COUNTIFS($C$2:$C$82,C40,$E$2:$E$82,E40,$B$2:$B$82,">="&B40-7,$B$2:$B$82,"<="&B40+7) -> 1 | Q40: =IF(J40="Approved",K40-B40,"") -> 14
A41: RR-26-0040 | B41: 46181 | C41: Carlos Mendes | D41: Sales | E41: Account Manager | F41: Backfill | G41: Full-time | H41: Toronto | I41: 46234 | J41: Approved | K41: 46195 | L41: =IF(COUNTIF(iCIMS_Export!M:M,A41)>0,"Yes","No") -> Yes | M41: =_xlfn.XLOOKUP(A41,iCIMS_Export!$M$2:$M$57,iCIMS_Export!$A$2:$A$57,"") -> 4133 | N41: =IF(J41="Approved",Dashboard!$B$2-K41,"") -> 100 | O41: =IF(AND(J41="Approved",L41="No"),IF(N41>7,"Stale gap","Recent"),"") | P41: =COUNTIFS($C$2:$C$82,C41,$E$2:$E$82,E41,$B$2:$B$82,">="&B41-7,$B$2:$B$82,"<="&B41+7) -> 2 | Q41: =IF(J41="Approved",K41-B41,"") -> 14
A42: RR-26-0041 | B42: 46182 | C42: Amy Sorensen | D42: Data & Analytics | E42: Analytics Engineer | F42: Backfill | G42: Full-time | H42: Toronto | I42: 46231 | J42: Rejected | L42: =IF(COUNTIF(iCIMS_Export!M:M,A42)>0,"Yes","No") -> No | M42: =_xlfn.XLOOKUP(A42,iCIMS_Export!$M$2:$M$57,iCIMS_Export!$A$2:$A$57,"") | N42: =IF(J42="Approved",Dashboard!$B$2-K42,"") | O42: =IF(AND(J42="Approved",L42="No"),IF(N42>7,"Stale gap","Recent"),"") | P42: =COUNTIFS($C$2:$C$82,C42,$E$2:$E$82,E42,$B$2:$B$82,">="&B42-7,$B$2:$B$82,"<="&B42+7) -> 1 | Q42: =IF(J42="Approved",K42-B42,"")
A43: RR-26-0042 | B43: 46183 | C43: Carlos Mendes | D43: Sales | E43: Account Manager | F43: New Headcount | G43: Full-time | H43: London | I43: 46232 | J43: Approved | K43: 46195 | L43: =IF(COUNTIF(iCIMS_Export!M:M,A43)>0,"Yes","No") -> No | M43: =_xlfn.XLOOKUP(A43,iCIMS_Export!$M$2:$M$57,iCIMS_Export!$A$2:$A$57,"") | N43: =IF(J43="Approved",Dashboard!$B$2-K43,"") -> 100 | O43: =IF(AND(J43="Approved",L43="No"),IF(N43>7,"Stale gap","Recent"),"") -> Stale gap | P43: =COUNTIFS($C$2:$C$82,C43,$E$2:$E$82,E43,$B$2:$B$82,">="&B43-7,$B$2:$B$82,"<="&B43+7) -> 2 | Q43: =IF(J43="Approved",K43-B43,"") -> 12
A44: RR-26-0043 | B44: 46188 | C44: Leah Goldberg | D44: Product | E44: UX Designer | F44: New Headcount | G44: Full-time | H44: Remote (US) | I44: 46244 | J44: Approved | K44: 46203 | L44: =IF(COUNTIF(iCIMS_Export!M:M,A44)>0,"Yes","No") -> Yes | M44: =_xlfn.XLOOKUP(A44,iCIMS_Export!$M$2:$M$57,iCIMS_Export!$A$2:$A$57,"") -> 4135 | N44: =IF(J44="Approved",Dashboard!$B$2-K44,"") -> 92 | O44: =IF(AND(J44="Approved",L44="No"),IF(N44>7,"Stale gap","Recent"),"") | P44: =COUNTIFS($C$2:$C$82,C44,$E$2:$E$82,E44,$B$2:$B$82,">="&B44-7,$B$2:$B$82,"<="&B44+7) -> 1 | Q44: =IF(J44="Approved",K44-B44,"") -> 15
A45: RR-26-0044 | B45: 46195 | C45: Nikhil Rao | D45: Data & Analytics | E45: Analytics Engineer | F45: New Headcount | G45: Full-time | H45: London | I45: 46245 | J45: Approved | K45: 46209 | L45: =IF(COUNTIF(iCIMS_Export!M:M,A45)>0,"Yes","No") -> Yes | M45: =_xlfn.XLOOKUP(A45,iCIMS_Export!$M$2:$M$57,iCIMS_Export!$A$2:$A$57,"") -> 4137 | N45: =IF(J45="Approved",Dashboard!$B$2-K45,"") -> 86 | O45: =IF(AND(J45="Approved",L45="No"),IF(N45>7,"Stale gap","Recent"),"") | P45: =COUNTIFS($C$2:$C$82,C45,$E$2:$E$82,E45,$B$2:$B$82,">="&B45-7,$B$2:$B$82,"<="&B45+7) -> 1 | Q45: =IF(J45="Approved",K45-B45,"") -> 14
A46: RR-26-0045 | B46: 46196 | C46: Paul Mercer | D46: Finance | E46: FP&A Manager | F46: Backfill | G46: Full-time | H46: London | I46: 46251 | J46: Approved | K46: 46209 | L46: =IF(COUNTIF(iCIMS_Export!M:M,A46)>0,"Yes","No") -> No | M46: =_xlfn.XLOOKUP(A46,iCIMS_Export!$M$2:$M$57,iCIMS_Export!$A$2:$A$57,"") | N46: =IF(J46="Approved",Dashboard!$B$2-K46,"") -> 86 | O46: =IF(AND(J46="Approved",L46="No"),IF(N46>7,"Stale gap","Recent"),"") -> Stale gap | P46: =COUNTIFS($C$2:$C$82,C46,$E$2:$E$82,E46,$B$2:$B$82,">="&B46-7,$B$2:$B$82,"<="&B46+7) -> 1 | Q46: =IF(J46="Approved",K46-B46,"") -> 13
A47: RR-26-0046 | B47: 46197 | C47: Robert Hayes | D47: Human Resources | E47: HR Coordinator | F47: New Headcount | G47: Full-time | H47: Remote (US) | I47: 46279 | J47: Approved | K47: 46209 | L47: =IF(COUNTIF(iCIMS_Export!M:M,A47)>0,"Yes","No") -> Yes | M47: =_xlfn.XLOOKUP(A47,iCIMS_Export!$M$2:$M$57,iCIMS_Export!$A$2:$A$57,"") -> 4139 | N47: =IF(J47="Approved",Dashboard!$B$2-K47,"") -> 86 | O47: =IF(AND(J47="Approved",L47="No"),IF(N47>7,"Stale gap","Recent"),"") | P47: =COUNTIFS($C$2:$C$82,C47,$E$2:$E$82,E47,$B$2:$B$82,">="&B47-7,$B$2:$B$82,"<="&B47+7) -> 1 | Q47: =IF(J47="Approved",K47-B47,"") -> 12
A48: RR-26-0047 | B48: 46199 | C48: Brian Cho | D48: Research | E48: Research Associate | F48: New Headcount | G48: Contract | H48: Boston | I48: 46265 | J48: Approved | K48: 46209 | L48: =IF(COUNTIF(iCIMS_Export!M:M,A48)>0,"Yes","No") -> Yes | M48: =_xlfn.XLOOKUP(A48,iCIMS_Export!$M$2:$M$57,iCIMS_Export!$A$2:$A$57,"") -> 4136 | N48: =IF(J48="Approved",Dashboard!$B$2-K48,"") -> 86 | O48: =IF(AND(J48="Approved",L48="No"),IF(N48>7,"Stale gap","Recent"),"") | P48: =COUNTIFS($C$2:$C$82,C48,$E$2:$E$82,E48,$B$2:$B$82,">="&B48-7,$B$2:$B$82,"<="&B48+7) -> 1 | Q48: =IF(J48="Approved",K48-B48,"") -> 10
A49: RR-26-0048 | B49: 46205 | C49: Victor Salgado | D49: Events | E49: Event Marketing Manager | F49: Backfill | G49: Full-time | H49: Boston | I49: 46262 | J49: Rejected | L49: =IF(COUNTIF(iCIMS_Export!M:M,A49)>0,"Yes","No") -> No | M49: =_xlfn.XLOOKUP(A49,iCIMS_Export!$M$2:$M$57,iCIMS_Export!$A$2:$A$57,"") | N49: =IF(J49="Approved",Dashboard!$B$2-K49,"") | O49: =IF(AND(J49="Approved",L49="No"),IF(N49>7,"Stale gap","Recent"),"") | P49: =COUNTIFS($C$2:$C$82,C49,$E$2:$E$82,E49,$B$2:$B$82,">="&B49-7,$B$2:$B$82,"<="&B49+7) -> 1 | Q49: =IF(J49="Approved",K49-B49,"")
A50: RR-26-0049 | B50: 46209 | C50: Megan O'Neill | D50: Research | E50: Senior Research Analyst | F50: Backfill | G50: Full-time | H50: London | I50: 46293 | J50: Approved | K50: 46224 | L50: =IF(COUNTIF(iCIMS_Export!M:M,A50)>0,"Yes","No") -> Yes | M50: =_xlfn.XLOOKUP(A50,iCIMS_Export!$M$2:$M$57,iCIMS_Export!$A$2:$A$57,"") -> 4143 | N50: =IF(J50="Approved",Dashboard!$B$2-K50,"") -> 71 | O50: =IF(AND(J50="Approved",L50="No"),IF(N50>7,"Stale gap","Recent"),"") | P50: =COUNTIFS($C$2:$C$82,C50,$E$2:$E$82,E50,$B$2:$B$82,">="&B50-7,$B$2:$B$82,"<="&B50+7) -> 1 | Q50: =IF(J50="Approved",K50-B50,"") -> 15
A51: RR-26-0050 | B51: 46212 | C51: Brian Cho | D51: Research | E51: Research Analyst | F51: Backfill | G51: Full-time | H51: Boston | I51: 46269 | J51: Approved | K51: 46224 | L51: =IF(COUNTIF(iCIMS_Export!M:M,A51)>0,"Yes","No") -> No | M51: =_xlfn.XLOOKUP(A51,iCIMS_Export!$M$2:$M$57,iCIMS_Export!$A$2:$A$57,"") | N51: =IF(J51="Approved",Dashboard!$B$2-K51,"") -> 71 | O51: =IF(AND(J51="Approved",L51="No"),IF(N51>7,"Stale gap","Recent"),"") -> Stale gap | P51: =COUNTIFS($C$2:$C$82,C51,$E$2:$E$82,E51,$B$2:$B$82,">="&B51-7,$B$2:$B$82,"<="&B51+7) -> 1 | Q51: =IF(J51="Approved",K51-B51,"") -> 12
A52: RR-26-0051 | B52: 46216 | C52: Elena Vasquez | D52: Research | E52: Research Analyst | F52: New Headcount | G52: Full-time | H52: Boston | I52: 46289 | J52: Approved | K52: 46226 | L52: =IF(COUNTIF(iCIMS_Export!M:M,A52)>0,"Yes","No") -> Yes | M52: =_xlfn.XLOOKUP(A52,iCIMS_Export!$M$2:$M$57,iCIMS_Export!$A$2:$A$57,"") -> 4142 | N52: =IF(J52="Approved",Dashboard!$B$2-K52,"") -> 69 | O52: =IF(AND(J52="Approved",L52="No"),IF(N52>7,"Stale gap","Recent"),"") | P52: =COUNTIFS($C$2:$C$82,C52,$E$2:$E$82,E52,$B$2:$B$82,">="&B52-7,$B$2:$B$82,"<="&B52+7) -> 1 | Q52: =IF(J52="Approved",K52-B52,"") -> 10
A53: RR-26-0052 | B53: 46217 | C53: Megan O'Neill | D53: Research | E53: Research Director | F53: New Headcount | G53: Contract | H53: Remote (US) | I53: 46286 | J53: Approved | K53: 46227 | L53: =IF(COUNTIF(iCIMS_Export!M:M,A53)>0,"Yes","No") -> Yes | M53: =_xlfn.XLOOKUP(A53,iCIMS_Export!$M$2:$M$57,iCIMS_Export!$A$2:$A$57,"") -> 4140 | N53: =IF(J53="Approved",Dashboard!$B$2-K53,"") -> 68 | O53: =IF(AND(J53="Approved",L53="No"),IF(N53>7,"Stale gap","Recent"),"") | P53: =COUNTIFS($C$2:$C$82,C53,$E$2:$E$82,E53,$B$2:$B$82,">="&B53-7,$B$2:$B$82,"<="&B53+7) -> 1 | Q53: =IF(J53="Approved",K53-B53,"") -> 10
A54: RR-26-0053 | B54: 46219 | C54: Grace Holloway | D54: Events | E54: Sponsorship Sales Manager | F54: New Headcount | G54: Full-time | I54: 46308 | J54: Approved | K54: 46233 | L54: =IF(COUNTIF(iCIMS_Export!M:M,A54)>0,"Yes","No") -> Yes | M54: =_xlfn.XLOOKUP(A54,iCIMS_Export!$M$2:$M$57,iCIMS_Export!$A$2:$A$57,"") -> 4144 | N54: =IF(J54="Approved",Dashboard!$B$2-K54,"") -> 62 | O54: =IF(AND(J54="Approved",L54="No"),IF(N54>7,"Stale gap","Recent"),"") | P54: =COUNTIFS($C$2:$C$82,C54,$E$2:$E$82,E54,$B$2:$B$82,">="&B54-7,$B$2:$B$82,"<="&B54+7) -> 1 | Q54: =IF(J54="Approved",K54-B54,"") -> 14
A55: RR-26-0054 | B55: 46230 | C55: Jasmine Reid | D55: Sales | E55: Sales Operations Analyst | F55: Backfill | G55: Co-op/Intern | H55: Boston | I55: 46321 | J55: Approved | K55: 46241 | L55: =IF(COUNTIF(iCIMS_Export!M:M,A55)>0,"Yes","No") -> Yes | M55: =_xlfn.XLOOKUP(A55,iCIMS_Export!$M$2:$M$57,iCIMS_Export!$A$2:$A$57,"") -> 4145 | N55: =IF(J55="Approved",Dashboard!$B$2-K55,"") -> 54 | O55: =IF(AND(J55="Approved",L55="No"),IF(N55>7,"Stale gap","Recent"),"") | P55: =COUNTIFS($C$2:$C$82,C55,$E$2:$E$82,E55,$B$2:$B$82,">="&B55-7,$B$2:$B$82,"<="&B55+7) -> 1 | Q55: =IF(J55="Approved",K55-B55,"") -> 11
A56: RR-26-0055 | B56: 46233 | C56: Sofia Marino | D56: Consulting | E56: Engagement Manager | F56: New Headcount | G56: Full-time | H56: London | I56: 46310 | J56: Approved | K56: 46251 | L56: =IF(COUNTIF(iCIMS_Export!M:M,A56)>0,"Yes","No") -> Yes | M56: =_xlfn.XLOOKUP(A56,iCIMS_Export!$M$2:$M$57,iCIMS_Export!$A$2:$A$57,"") -> 4147 | N56: =IF(J56="Approved",Dashboard!$B$2-K56,"") -> 44 | O56: =IF(AND(J56="Approved",L56="No"),IF(N56>7,"Stale gap","Recent"),"") | P56: =COUNTIFS($C$2:$C$82,C56,$E$2:$E$82,E56,$B$2:$B$82,">="&B56-7,$B$2:$B$82,"<="&B56+7) -> 1 | Q56: =IF(J56="Approved",K56-B56,"") -> 18
A57: RR-26-0056 | B57: 46233 | C57: Paul Mercer | D57: Finance | E57: Financial Analyst | F57: New Headcount | G57: Co-op/Intern | H57: Remote (US) | I57: 46300 | J57: Approved | K57: 46244 | L57: =IF(COUNTIF(iCIMS_Export!M:M,A57)>0,"Yes","No") -> Yes | M57: =_xlfn.XLOOKUP(A57,iCIMS_Export!$M$2:$M$57,iCIMS_Export!$A$2:$A$57,"") -> 4146 | N57: =IF(J57="Approved",Dashboard!$B$2-K57,"") -> 51 | O57: =IF(AND(J57="Approved",L57="No"),IF(N57>7,"Stale gap","Recent"),"") | P57: =COUNTIFS($C$2:$C$82,C57,$E$2:$E$82,E57,$B$2:$B$82,">="&B57-7,$B$2:$B$82,"<="&B57+7) -> 1 | Q57: =IF(J57="Approved",K57-B57,"") -> 11
A58: RR-26-0057 | B58: 46237 | C58: Michael Grant | D58: Sales | E58: Sales Development Representative | F58: New Headcount | G58: Full-time | H58: Boston | I58: 46307 | J58: Rejected | L58: =IF(COUNTIF(iCIMS_Export!M:M,A58)>0,"Yes","No") -> No | M58: =_xlfn.XLOOKUP(A58,iCIMS_Export!$M$2:$M$57,iCIMS_Export!$A$2:$A$57,"") | N58: =IF(J58="Approved",Dashboard!$B$2-K58,"") | O58: =IF(AND(J58="Approved",L58="No"),IF(N58>7,"Stale gap","Recent"),"") | P58: =COUNTIFS($C$2:$C$82,C58,$E$2:$E$82,E58,$B$2:$B$82,">="&B58-7,$B$2:$B$82,"<="&B58+7) -> 1 | Q58: =IF(J58="Approved",K58-B58,"")
A59: RR-26-0058 | B59: 46238 | C59: Kevin Doyle | D59: IT | E59: IT Support Specialist | F59: Backfill | G59: Full-time | H59: Boston | I59: 46321 | J59: Approved | K59: 46246 | L59: =IF(COUNTIF(iCIMS_Export!M:M,A59)>0,"Yes","No") -> No | M59: =_xlfn.XLOOKUP(A59,iCIMS_Export!$M$2:$M$57,iCIMS_Export!$A$2:$A$57,"") | N59: =IF(J59="Approved",Dashboard!$B$2-K59,"") -> 49 | O59: =IF(AND(J59="Approved",L59="No"),IF(N59>7,"Stale gap","Recent"),"") -> Stale gap | P59: =COUNTIFS($C$2:$C$82,C59,$E$2:$E$82,E59,$B$2:$B$82,">="&B59-7,$B$2:$B$82,"<="&B59+7) -> 1 | Q59: =IF(J59="Approved",K59-B59,"") -> 8
A60: RR-26-0059 | B60: 46241 | C60: Michael Grant | D60: Sales | E60: Account Manager | F60: Backfill | G60: Full-time | H60: Boston | I60: 46317 | J60: Approved | K60: 46252 | L60: =IF(COUNTIF(iCIMS_Export!M:M,A60)>0,"Yes","No") -> Yes | M60: =_xlfn.XLOOKUP(A60,iCIMS_Export!$M$2:$M$57,iCIMS_Export!$A$2:$A$57,"") -> 4148 | N60: =IF(J60="Approved",Dashboard!$B$2-K60,"") -> 43 | O60: =IF(AND(J60="Approved",L60="No"),IF(N60>7,"Stale gap","Recent"),"") | P60: =COUNTIFS($C$2:$C$82,C60,$E$2:$E$82,E60,$B$2:$B$82,">="&B60-7,$B$2:$B$82,"<="&B60+7) -> 1 | Q60: =IF(J60="Approved",K60-B60,"") -> 11
A61: RR-26-0060 | B61: 46255 | C61: Megan O'Neill | D61: Research | E61: Research Associate | F61: New Headcount | G61: Full-time | H61: Boston | I61: 46303 | J61: Approved | K61: 46261 | L61: =IF(COUNTIF(iCIMS_Export!M:M,A61)>0,"Yes","No") -> Yes | M61: =_xlfn.XLOOKUP(A61,iCIMS_Export!$M$2:$M$57,iCIMS_Export!$A$2:$A$57,"") -> 4149 | N61: =IF(J61="Approved",Dashboard!$B$2-K61,"") -> 34 | O61: =IF(AND(J61="Approved",L61="No"),IF(N61>7,"Stale gap","Recent"),"") | P61: =COUNTIFS($C$2:$C$82,C61,$E$2:$E$82,E61,$B$2:$B$82,">="&B61-7,$B$2:$B$82,"<="&B61+7) -> 1 | Q61: =IF(J61="Approved",K61-B61,"") -> 6
A62: RR-26-0061 | B62: 46255 | C62: Ethan Park | D62: Marketing | E62: Digital Marketing Analyst | F62: Backfill | G62: Full-time | H62: London | I62: 46307 | J62: Approved | K62: 46268 | L62: =IF(COUNTIF(iCIMS_Export!M:M,A62)>0,"Yes","No") -> Yes | M62: =_xlfn.XLOOKUP(A62,iCIMS_Export!$M$2:$M$57,iCIMS_Export!$A$2:$A$57,"") -> 4152 | N62: =IF(J62="Approved",Dashboard!$B$2-K62,"") -> 27 | O62: =IF(AND(J62="Approved",L62="No"),IF(N62>7,"Stale gap","Recent"),"") | P62: =COUNTIFS($C$2:$C$82,C62,$E$2:$E$82,E62,$B$2:$B$82,">="&B62-7,$B$2:$B$82,"<="&B62+7) -> 1 | Q62: =IF(J62="Approved",K62-B62,"") -> 13
A63: RR-26-0062 | B63: 46261 | C63: Leah Goldberg | D63: Product | E63: Product Manager | F63: New Headcount | G63: Contract | H63: Remote (US) | I63: 46328 | J63: Approved | K63: 46274 | L63: =IF(COUNTIF(iCIMS_Export!M:M,A63)>0,"Yes","No") -> Yes | M63: =_xlfn.XLOOKUP(A63,iCIMS_Export!$M$2:$M$57,iCIMS_Export!$A$2:$A$57,"") -> 4151 | N63: =IF(J63="Approved",Dashboard!$B$2-K63,"") -> 21 | O63: =IF(AND(J63="Approved",L63="No"),IF(N63>7,"Stale gap","Recent"),"") | P63: =COUNTIFS($C$2:$C$82,C63,$E$2:$E$82,E63,$B$2:$B$82,">="&B63-7,$B$2:$B$82,"<="&B63+7) -> 1 | Q63: =IF(J63="Approved",K63-B63,"") -> 13
A64: RR-26-0063 | B64: 46266 | C64: Sofia Marino | D64: Consulting | E64: Senior Consultant | F64: New Headcount | G64: Full-time | H64: London | I64: 46339 | J64: Approved | K64: 46273 | L64: =IF(COUNTIF(iCIMS_Export!M:M,A64)>0,"Yes","No") -> Yes | M64: =_xlfn.XLOOKUP(A64,iCIMS_Export!$M$2:$M$57,iCIMS_Export!$A$2:$A$57,"") -> 4150 | N64: =IF(J64="Approved",Dashboard!$B$2-K64,"") -> 22 | O64: =IF(AND(J64="Approved",L64="No"),IF(N64>7,"Stale gap","Recent"),"") | P64: =COUNTIFS($C$2:$C$82,C64,$E$2:$E$82,E64,$B$2:$B$82,">="&B64-7,$B$2:$B$82,"<="&B64+7) -> 1 | Q64: =IF(J64="Approved",K64-B64,"") -> 7
A65: RR-26-0064 | B65: 46268 | C65: Jasmine Reid | D65: Sales | E65: Account Executive | F65: Backfill | G65: Full-time | H65: London | I65: 46356 | J65: Approved | K65: 46282 | L65: =IF(COUNTIF(iCIMS_Export!M:M,A65)>0,"Yes","No") -> Yes | M65: =_xlfn.XLOOKUP(A65,iCIMS_Export!$M$2:$M$57,iCIMS_Export!$A$2:$A$57,"") -> 4154 | N65: =IF(J65="Approved",Dashboard!$B$2-K65,"") -> 13 | O65: =IF(AND(J65="Approved",L65="No"),IF(N65>7,"Stale gap","Recent"),"") | P65: =COUNTIFS($C$2:$C$82,C65,$E$2:$E$82,E65,$B$2:$B$82,">="&B65-7,$B$2:$B$82,"<="&B65+7) -> 1 | Q65: =IF(J65="Approved",K65-B65,"") -> 14
A66: RR-26-0065 | B66: 46268 | C66: Michael Grant | D66: Sales | E66: Account Executive | F66: New Headcount | G66: Full-time | H66: Boston | I66: 46356 | J66: Approved | K66: 46280 | L66: =IF(COUNTIF(iCIMS_Export!M:M,A66)>0,"Yes","No") -> Yes | M66: =_xlfn.XLOOKUP(A66,iCIMS_Export!$M$2:$M$57,iCIMS_Export!$A$2:$A$57,"") -> 4153 | N66: =IF(J66="Approved",Dashboard!$B$2-K66,"") -> 15 | O66: =IF(AND(J66="Approved",L66="No"),IF(N66>7,"Stale gap","Recent"),"") | P66: =COUNTIFS($C$2:$C$82,C66,$E$2:$E$82,E66,$B$2:$B$82,">="&B66-7,$B$2:$B$82,"<="&B66+7) -> 1 | Q66: =IF(J66="Approved",K66-B66,"") -> 12
A67: RR-26-0066 | B67: 46269 | C67: Elena Vasquez | D67: Research | E67: Research Associate | F67: Backfill | G67: Full-time | H67: London | I67: 46329 | J67: Pending Approval | L67: =IF(COUNTIF(iCIMS_Export!M:M,A67)>0,"Yes","No") -> No | M67: =_xlfn.XLOOKUP(A67,iCIMS_Export!$M$2:$M$57,iCIMS_Export!$A$2:$A$57,"") | N67: =IF(J67="Approved",Dashboard!$B$2-K67,"") | O67: =IF(AND(J67="Approved",L67="No"),IF(N67>7,"Stale gap","Recent"),"") | P67: =COUNTIFS($C$2:$C$82,C67,$E$2:$E$82,E67,$B$2:$B$82,">="&B67-7,$B$2:$B$82,"<="&B67+7) -> 1 | Q67: =IF(J67="Approved",K67-B67,"")
A68: RR-26-0067 | B68: 46274 | C68: Fatima Hassan | D68: IT | E68: IT Support Specialist | F68: Backfill | G68: Full-time | H68: London | I68: 46328 | J68: Pending Approval | L68: =IF(COUNTIF(iCIMS_Export!M:M,A68)>0,"Yes","No") -> No | M68: =_xlfn.XLOOKUP(A68,iCIMS_Export!$M$2:$M$57,iCIMS_Export!$A$2:$A$57,"") | N68: =IF(J68="Approved",Dashboard!$B$2-K68,"") | O68: =IF(AND(J68="Approved",L68="No"),IF(N68>7,"Stale gap","Recent"),"") | P68: =COUNTIFS($C$2:$C$82,C68,$E$2:$E$82,E68,$B$2:$B$82,">="&B68-7,$B$2:$B$82,"<="&B68+7) -> 1 | Q68: =IF(J68="Approved",K68-B68,"")
A69: RR-26-0068 | B69: 46275 | C69: Kevin Doyle | D69: IT | E69: Systems Administrator | F69: New Headcount | G69: Full-time | H69: Boston | I69: 46337 | J69: Pending Approval | L69: =IF(COUNTIF(iCIMS_Export!M:M,A69)>0,"Yes","No") -> No | M69: =_xlfn.XLOOKUP(A69,iCIMS_Export!$M$2:$M$57,iCIMS_Export!$A$2:$A$57,"") | N69: =IF(J69="Approved",Dashboard!$B$2-K69,"") | O69: =IF(AND(J69="Approved",L69="No"),IF(N69>7,"Stale gap","Recent"),"") | P69: =COUNTIFS($C$2:$C$82,C69,$E$2:$E$82,E69,$B$2:$B$82,">="&B69-7,$B$2:$B$82,"<="&B69+7) -> 1 | Q69: =IF(J69="Approved",K69-B69,"")
A70: RR-26-0069 | B70: 46275 | C70: Carlos Mendes | D70: Sales | E70: Sales Operations Analyst | F70: New Headcount | G70: Full-time | H70: Boston | I70: 46321 | J70: Approved | K70: 46282 | L70: =IF(COUNTIF(iCIMS_Export!M:M,A70)>0,"Yes","No") -> Yes | M70: =_xlfn.XLOOKUP(A70,iCIMS_Export!$M$2:$M$57,iCIMS_Export!$A$2:$A$57,"") -> 4155 | N70: =IF(J70="Approved",Dashboard!$B$2-K70,"") -> 13 | O70: =IF(AND(J70="Approved",L70="No"),IF(N70>7,"Stale gap","Recent"),"") | P70: =COUNTIFS($C$2:$C$82,C70,$E$2:$E$82,E70,$B$2:$B$82,">="&B70-7,$B$2:$B$82,"<="&B70+7) -> 1 | Q70: =IF(J70="Approved",K70-B70,"") -> 7
A71: RR-26-0070 | B71: 46279 | C71: Grace Holloway | D71: Events | E71: Sponsorship Sales Manager | F71: Backfill | G71: Full-time | H71: Toronto | I71: 46346 | J71: Approved | K71: 46288 | L71: =IF(COUNTIF(iCIMS_Export!M:M,A71)>0,"Yes","No") -> No | M71: =_xlfn.XLOOKUP(A71,iCIMS_Export!$M$2:$M$57,iCIMS_Export!$A$2:$A$57,"") | N71: =IF(J71="Approved",Dashboard!$B$2-K71,"") -> 7 | O71: =IF(AND(J71="Approved",L71="No"),IF(N71>7,"Stale gap","Recent"),"") -> Recent | P71: =COUNTIFS($C$2:$C$82,C71,$E$2:$E$82,E71,$B$2:$B$82,">="&B71-7,$B$2:$B$82,"<="&B71+7) -> 1 | Q71: =IF(J71="Approved",K71-B71,"") -> 9
A72: RR-26-0071 | B72: 46279 | C72: Leah Goldberg | D72: Product | E72: Senior Product Manager | F72: New Headcount | G72: Full-time | H72: London | I72: 46363 | J72: Approved | K72: 46288 | L72: =IF(COUNTIF(iCIMS_Export!M:M,A72)>0,"Yes","No") -> No | M72: =_xlfn.XLOOKUP(A72,iCIMS_Export!$M$2:$M$57,iCIMS_Export!$A$2:$A$57,"") | N72: =IF(J72="Approved",Dashboard!$B$2-K72,"") -> 7 | O72: =IF(AND(J72="Approved",L72="No"),IF(N72>7,"Stale gap","Recent"),"") -> Recent | P72: =COUNTIFS($C$2:$C$82,C72,$E$2:$E$82,E72,$B$2:$B$82,">="&B72-7,$B$2:$B$82,"<="&B72+7) -> 1 | Q72: =IF(J72="Approved",K72-B72,"") -> 9
A73: RR-26-0072 | B73: 46279 | C73: Michael Grant | D73: Sales | E73: Sales Operations Analyst | F73: New Headcount | G73: Full-time | H73: Boston | I73: 46370 | J73: Pending Approval | L73: =IF(COUNTIF(iCIMS_Export!M:M,A73)>0,"Yes","No") -> Yes | M73: =_xlfn.XLOOKUP(A73,iCIMS_Export!$M$2:$M$57,iCIMS_Export!$A$2:$A$57,"") -> 4156 | N73: =IF(J73="Approved",Dashboard!$B$2-K73,"") | O73: =IF(AND(J73="Approved",L73="No"),IF(N73>7,"Stale gap","Recent"),"") | P73: =COUNTIFS($C$2:$C$82,C73,$E$2:$E$82,E73,$B$2:$B$82,">="&B73-7,$B$2:$B$82,"<="&B73+7) -> 1 | Q73: =IF(J73="Approved",K73-B73,"")
A74: RR-26-0073 | B74: 46280 | C74: Ethan Park | D74: Marketing | E74: Content Marketing Manager | F74: Backfill | G74: Full-time | H74: Remote (US) | I74: 46335 | J74: Pending Approval | L74: =IF(COUNTIF(iCIMS_Export!M:M,A74)>0,"Yes","No") -> No | M74: =_xlfn.XLOOKUP(A74,iCIMS_Export!$M$2:$M$57,iCIMS_Export!$A$2:$A$57,"") | N74: =IF(J74="Approved",Dashboard!$B$2-K74,"") | O74: =IF(AND(J74="Approved",L74="No"),IF(N74>7,"Stale gap","Recent"),"") | P74: =COUNTIFS($C$2:$C$82,C74,$E$2:$E$82,E74,$B$2:$B$82,">="&B74-7,$B$2:$B$82,"<="&B74+7) -> 1 | Q74: =IF(J74="Approved",K74-B74,"")
A75: RR-26-0074 | B75: 46280 | C75: Leah Goldberg | D75: Product | E75: UX Designer | F75: New Headcount | G75: Full-time | H75: Boston | I75: 46331 | J75: Pending Approval | L75: =IF(COUNTIF(iCIMS_Export!M:M,A75)>0,"Yes","No") -> No | M75: =_xlfn.XLOOKUP(A75,iCIMS_Export!$M$2:$M$57,iCIMS_Export!$A$2:$A$57,"") | N75: =IF(J75="Approved",Dashboard!$B$2-K75,"") | O75: =IF(AND(J75="Approved",L75="No"),IF(N75>7,"Stale gap","Recent"),"") | P75: =COUNTIFS($C$2:$C$82,C75,$E$2:$E$82,E75,$B$2:$B$82,">="&B75-7,$B$2:$B$82,"<="&B75+7) -> 1 | Q75: =IF(J75="Approved",K75-B75,"")
A76: RR-26-0075 | B76: 46283 | C76: Lisa Tran | D76: Finance | E76: Senior Accountant | F76: Backfill | G76: Full-time | H76: Boston | I76: 46358 | J76: Approved | K76: 46290 | L76: =IF(COUNTIF(iCIMS_Export!M:M,A76)>0,"Yes","No") -> No | M76: =_xlfn.XLOOKUP(A76,iCIMS_Export!$M$2:$M$57,iCIMS_Export!$A$2:$A$57,"") | N76: =IF(J76="Approved",Dashboard!$B$2-K76,"") -> 5 | O76: =IF(AND(J76="Approved",L76="No"),IF(N76>7,"Stale gap","Recent"),"") -> Recent | P76: =COUNTIFS($C$2:$C$82,C76,$E$2:$E$82,E76,$B$2:$B$82,">="&B76-7,$B$2:$B$82,"<="&B76+7) -> 1 | Q76: =IF(J76="Approved",K76-B76,"") -> 7
A77: RR-26-0076 | B77: 46287 | C77: Amy Sorensen | D77: Data & Analytics | E77: Analytics Engineer | F77: New Headcount | G77: Full-time | H77: Boston | I77: 46336 | J77: Pending Approval | L77: =IF(COUNTIF(iCIMS_Export!M:M,A77)>0,"Yes","No") -> No | M77: =_xlfn.XLOOKUP(A77,iCIMS_Export!$M$2:$M$57,iCIMS_Export!$A$2:$A$57,"") | N77: =IF(J77="Approved",Dashboard!$B$2-K77,"") | O77: =IF(AND(J77="Approved",L77="No"),IF(N77>7,"Stale gap","Recent"),"") | P77: =COUNTIFS($C$2:$C$82,C77,$E$2:$E$82,E77,$B$2:$B$82,">="&B77-7,$B$2:$B$82,"<="&B77+7) -> 1 | Q77: =IF(J77="Approved",K77-B77,"")
A78: RR-26-0077 | B78: 46287 | C78: Grace Holloway | D78: Events | E78: Event Coordinator | F78: New Headcount | G78: Full-time | H78: Remote (US) | I78: 46342 | J78: Pending Approval | L78: =IF(COUNTIF(iCIMS_Export!M:M,A78)>0,"Yes","No") -> No | M78: =_xlfn.XLOOKUP(A78,iCIMS_Export!$M$2:$M$57,iCIMS_Export!$A$2:$A$57,"") | N78: =IF(J78="Approved",Dashboard!$B$2-K78,"") | O78: =IF(AND(J78="Approved",L78="No"),IF(N78>7,"Stale gap","Recent"),"") | P78: =COUNTIFS($C$2:$C$82,C78,$E$2:$E$82,E78,$B$2:$B$82,">="&B78-7,$B$2:$B$82,"<="&B78+7) -> 1 | Q78: =IF(J78="Approved",K78-B78,"")
A79: RR-26-0078 | B79: 46288 | C79: Daniel Osei | D79: Product | E79: Senior Product Manager | F79: New Headcount | G79: Full-time | H79: Boston | I79: 46342 | J79: Pending Approval | L79: =IF(COUNTIF(iCIMS_Export!M:M,A79)>0,"Yes","No") -> No | M79: =_xlfn.XLOOKUP(A79,iCIMS_Export!$M$2:$M$57,iCIMS_Export!$A$2:$A$57,"") | N79: =IF(J79="Approved",Dashboard!$B$2-K79,"") | O79: =IF(AND(J79="Approved",L79="No"),IF(N79>7,"Stale gap","Recent"),"") | P79: =COUNTIFS($C$2:$C$82,C79,$E$2:$E$82,E79,$B$2:$B$82,">="&B79-7,$B$2:$B$82,"<="&B79+7) -> 1 | Q79: =IF(J79="Approved",K79-B79,"")
A80: RR-26-0079 | B80: 46289 | C80: Jasmine Reid | D80: Sales | E80: Account Manager | F80: Backfill | G80: Full-time | H80: Boston | I80: 46335 | J80: Pending Approval | L80: =IF(COUNTIF(iCIMS_Export!M:M,A80)>0,"Yes","No") -> No | M80: =_xlfn.XLOOKUP(A80,iCIMS_Export!$M$2:$M$57,iCIMS_Export!$A$2:$A$57,"") | N80: =IF(J80="Approved",Dashboard!$B$2-K80,"") | O80: =IF(AND(J80="Approved",L80="No"),IF(N80>7,"Stale gap","Recent"),"") | P80: =COUNTIFS($C$2:$C$82,C80,$E$2:$E$82,E80,$B$2:$B$82,">="&B80-7,$B$2:$B$82,"<="&B80+7) -> 1 | Q80: =IF(J80="Approved",K80-B80,"")
A81: RR-26-0080 | B81: 46290 | C81: Daniel Osei | D81: Product | E81: Product Manager | F81: Backfill | G81: Full-time | H81: Remote (US) | I81: 46370 | J81: Pending Approval | L81: =IF(COUNTIF(iCIMS_Export!M:M,A81)>0,"Yes","No") -> No | M81: =_xlfn.XLOOKUP(A81,iCIMS_Export!$M$2:$M$57,iCIMS_Export!$A$2:$A$57,"") | N81: =IF(J81="Approved",Dashboard!$B$2-K81,"") | O81: =IF(AND(J81="Approved",L81="No"),IF(N81>7,"Stale gap","Recent"),"") | P81: =COUNTIFS($C$2:$C$82,C81,$E$2:$E$82,E81,$B$2:$B$82,">="&B81-7,$B$2:$B$82,"<="&B81+7) -> 1 | Q81: =IF(J81="Approved",K81-B81,"")
A82: RR-26-0081 | B82: 46293 | C82: Megan O'Neill | D82: Research | E82: Research Associate | F82: New Headcount | G82: Full-time | H82: Boston | I82: 46370 | J82: Pending Approval | L82: =IF(COUNTIF(iCIMS_Export!M:M,A82)>0,"Yes","No") -> No | M82: =_xlfn.XLOOKUP(A82,iCIMS_Export!$M$2:$M$57,iCIMS_Export!$A$2:$A$57,"") | N82: =IF(J82="Approved",Dashboard!$B$2-K82,"") | O82: =IF(AND(J82="Approved",L82="No"),IF(N82>7,"Stale gap","Recent"),"") | P82: =COUNTIFS($C$2:$C$82,C82,$E$2:$E$82,E82,$B$2:$B$82,">="&B82-7,$B$2:$B$82,"<="&B82+7) -> 1 | Q82: =IF(J82="Approved",K82-B82,"")

Sheet Approvals_Log
A1: Request ID | B1: Step | C1: Approver | D1: Received On | E1: Decided On | F1: Decision | G1: Days_In_Step
A2: RR-26-0001 | B2: 1 - Dept Head | C2: Samuel Adeyemi | D2: 46027 | E2: 46029 | F2: Approved | G2: =IF(F2="Pending",Dashboard!$B$2-D2,E2-D2) -> 2
A3: RR-26-0001 | B3: 2 - Finance | C3: Anita Desai | D3: 46029 | E3: 46044 | F3: Approved | G3: =IF(F3="Pending",Dashboard!$B$2-D3,E3-D3) -> 15
A4: RR-26-0001 | B4: 3 - HR Business Partner | C4: Tessa Nguyen | D4: 46044 | E4: 46048 | F4: Approved | G4: =IF(F4="Pending",Dashboard!$B$2-D4,E4-D4) -> 4
A5: RR-26-0002 | B5: 1 - Dept Head | C5: Laura Whitfield | D5: 46030 | E5: 46030 | F5: Approved | G5: =IF(F5="Pending",Dashboard!$B$2-D5,E5-D5) -> 0
A6: RR-26-0002 | B6: 2 - Finance | C6: Anita Desai | D6: 46030 | E6: 46042 | F6: Approved | G6: =IF(F6="Pending",Dashboard!$B$2-D6,E6-D6) -> 12
A7: RR-26-0002 | B7: 3 - HR Business Partner | C7: Monica Alvarez | D7: 46042 | E7: 46043 | F7: Approved | G7: =IF(F7="Pending",Dashboard!$B$2-D7,E7-D7) -> 1
A8: RR-26-0003 | B8: 1 - Dept Head | C8: Diane Kowalski | D8: 46035 | E8: 46037 | F8: Approved | G8: =IF(F8="Pending",Dashboard!$B$2-D8,E8-D8) -> 2
A9: RR-26-0003 | B9: 2 - Finance | C9: Gary Whitman | D9: 46037 | E9: 46041 | F9: Approved | G9: =IF(F9="Pending",Dashboard!$B$2-D9,E9-D9) -> 4
A10: RR-26-0003 | B10: 3 - HR Business Partner | C10: Jordan Blake | D10: 46041 | E10: 46045 | F10: Approved | G10: =IF(F10="Pending",Dashboard!$B$2-D10,E10-D10) -> 4
A11: RR-26-0004 | B11: 1 - Dept Head | C11: Diane Kowalski | D11: 46037 | E11: 46041 | F11: Approved | G11: =IF(F11="Pending",Dashboard!$B$2-D11,E11-D11) -> 4
A12: RR-26-0004 | B12: 2 - Finance | C12: Gary Whitman | D12: 46041 | E12: 46044 | F12: Approved | G12: =IF(F12="Pending",Dashboard!$B$2-D12,E12-D12) -> 3
A13: RR-26-0004 | B13: 3 - HR Business Partner | C13: Jordan Blake | D13: 46044 | E13: 46048 | F13: Approved | G13: =IF(F13="Pending",Dashboard!$B$2-D13,E13-D13) -> 4
... A183: RR-26-0066 | B183: 1 - Dept Head | C183: Laura Whitfield | D183: 46269 | E183: 46274 | F183: Approved | G183: =IF(F183="Pending",Dashboard!$B$2-D183,E183-D183) -> 5
A184: RR-26-0066 | B184: 2 - Finance | C184: Gary Whitman | D184: 46274 | F184: Pending | G184: =IF(F184="Pending",Dashboard!$B$2-D184,E184-D184) -> 21
A185: RR-26-0067 | B185: 1 - Dept Head | C185: Samuel Adeyemi | D185: 46274 | E185: 46279 | F185: Approved | G185: =IF(F185="Pending",Dashboard!$B$2-D185,E185-D185) -> 5
A186: RR-26-0067 | B186: 2 - Finance | C186: Gary Whitman | D186: 46279 | F186: Pending | G186: =IF(F186="Pending",Dashboard!$B$2-D186,E186-D186) -> 16
A187: RR-26-0068 | B187: 1 - Dept Head | C187: Samuel Adeyemi | D187: 46275 | E187: 46276 | F187: Approved | G187: =IF(F187="Pending",Dashboard!$B$2-D187,E187-D187) -> 1
A188: RR-26-0068 | B188: 2 - Finance | C188: Anita Desai | D188: 46276 | F188: Pending | G188: =IF(F188="Pending",Dashboard!$B$2-D188,E188-D188) -> 19
A189: RR-26-0069 | B189: 1 - Dept Head | C189: Diane Kowalski | D189: 46275 | E189: 46275 | F189: Approved | G189: =IF(F189="Pending",Dashboard!$B$2-D189,E189-D189) -> 0
A190: RR-26-0069 | B190: 2 - Finance | C190: Anita Desai | D190: 46275 | E190: 46280 | F190: Approved | G190: =IF(F190="Pending",Dashboard!$B$2-D190,E190-D190) -> 5
A191: RR-26-0069 | B191: 3 - HR Business Partner | C191: Jordan Blake | D191: 46280 | E191: 46282 | F191: Approved | G191: =IF(F191="Pending",Dashboard!$B$2-D191,E191-D191) -> 2
A192: RR-26-0070 | B192: 1 - Dept Head | C192: Tom Brennan | D192: 46279 | E192: 46280 | F192: Approved | G192: =IF(F192="Pending",Dashboard!$B$2-D192,E192-D192) -> 1
A193: RR-26-0070 | B193: 2 - Finance | C193: Anita Desai | D193: 46280 | E193: 46286 | F193: Approved | G193: =IF(F193="Pending",Dashboard!$B$2-D193,E193-D193) -> 6
A194: RR-26-0070 | B194: 3 - HR Business Partner | C194: Jordan Blake | D194: 46286 | E194: 46288 | F194: Approved | G194: =IF(F194="Pending",Dashboard!$B$2-D194,E194-D194) -> 2
A195: RR-26-0071 | B195: 1 - Dept Head | C195: Aaron Feld | D195: 46279 | E195: 46282 | F195: Approved | G195: =IF(F195="Pending",Dashboard!$B$2-D195,E195-D195) -> 3
A196: RR-26-0071 | B196: 2 - Finance | C196: Anita Desai | D196: 46282 | E196: 46287 | F196: Approved | G196: =IF(F196="Pending",Dashboard!$B$2-D196,E196-D196) -> 5
A197: RR-26-0071 | B197: 3 - HR Business Partner | C197: Monica Alvarez | D197: 46287 | E197: 46288 | F197: Approved | G197: =IF(F197="Pending",Dashboard!$B$2-D197,E197-D197) -> 1
A198: RR-26-0072 | B198: 1 - Dept Head | C198: Diane Kowalski | D198: 46279 | E198: 46283 | F198: Approved | G198: =IF(F198="Pending",Dashboard!$B$2-D198,E198-D198) -> 4
A199: RR-26-0072 | B199: 2 - Finance | C199: Anita Desai | D199: 46283 | E199: 46286 | F199: Approved | G199: =IF(F199="Pending",Dashboard!$B$2-D199,E199-D199) -> 3
A200: RR-26-0072 | B200: 3 - HR Business Partner | C200: Jordan Blake | D200: 46286 | F200: Pending | G200: =IF(F200="Pending",Dashboard!$B$2-D200,E200-D200) -> 9
A201: RR-26-0073 | B201: 1 - Dept Head | C201: Priya Raman | D201: 46280 | E201: 46283 | F201: Approved | G201: =IF(F201="Pending",Dashboard!$B$2-D201,E201-D201) -> 3
A202: RR-26-0073 | B202: 2 - Finance | C202: Anita Desai | D202: 46283 | F202: Pending | G202: =IF(F202="Pending",Dashboard!$B$2-D202,E202-D202) -> 12
A203: RR-26-0074 | B203: 1 - Dept Head | C203: Aaron Feld | D203: 46280 | F203: Pending | G203: =IF(F203="Pending",Dashboard!$B$2-D203,E203-D203) -> 15
A204: RR-26-0075 | B204: 1 - Dept Head | C204: Rachel Stein | D204: 46283 | E204: 46286 | F204: Approved | G204: =IF(F204="Pending",Dashboard!$B$2-D204,E204-D204) -> 3
A205: RR-26-0075 | B205: 2 - Finance | C205: Gary Whitman | D205: 46286 | E205: 46289 | F205: Approved | G205: =IF(F205="Pending",Dashboard!$B$2-D205,E205-D205) -> 3
A206: RR-26-0075 | B206: 3 - HR Business Partner | C206: Tessa Nguyen | D206: 46289 | E206: 46290 | F206: Approved | G206: =IF(F206="Pending",Dashboard!$B$2-D206,E206-D206) -> 1
A207: RR-26-0076 | B207: 1 - Dept Head | C207: Kenji Watanabe | D207: 46287 | E207: 46290 | F207: Approved | G207: =IF(F207="Pending",Dashboard!$B$2-D207,E207-D207) -> 3
A208: RR-26-0076 | B208: 2 - Finance | C208: Gary Whitman | D208: 46290 | E208: 46294 | F208: Approved | G208: =IF(F208="Pending",Dashboard!$B$2-D208,E208-D208) -> 4
A209: RR-26-0076 | B209: 3 - HR Business Partner | C209: Tessa Nguyen | D209: 46294 | F209: Pending | G209: =IF(F209="Pending",Dashboard!$B$2-D209,E209-D209) -> 1
A210: RR-26-0077 | B210: 1 - Dept Head | C210: Tom Brennan | D210: 46287 | E210: 46287 | F210: Approved | G210: =IF(F210="Pending",Dashboard!$B$2-D210,E210-D210) -> 0
A211: RR-26-0077 | B211: 2 - Finance | C211: Anita Desai | D211: 46287 | F211: Pending | G211: =IF(F211="Pending",Dashboard!$B$2-D211,E211-D211) -> 8
A212: RR-26-0078 | B212: 1 - Dept Head | C212: Aaron Feld | D212: 46288 | E212: 46290 | F212: Approved | G212: =IF(F212="Pending",Dashboard!$B$2-D212,E212-D212) -> 2
A213: RR-26-0078 | B213: 2 - Finance | C213: Gary Whitman | D213: 46290 | F213: Pending | G213: =IF(F213="Pending",Dashboard!$B$2-D213,E213-D213) -> 5
A214: RR-26-0079 | B214: 1 - Dept Head | C214: Diane Kowalski | D214: 46289 | E214: 46290 | F214: Approved | G214: =IF(F214="Pending",Dashboard!$B$2-D214,E214-D214) -> 1
A215: RR-26-0079 | B215: 2 - Finance | C215: Gary Whitman | D215: 46290 | F215: Pending | G215: =IF(F215="Pending",Dashboard!$B$2-D215,E215-D215) -> 5
A216: RR-26-0080 | B216: 1 - Dept Head | C216: Aaron Feld | D216: 46290 | F216: Pending | G216: =IF(F216="Pending",Dashboard!$B$2-D216,E216-D216) -> 5
A217: RR-26-0081 | B217: 1 - Dept Head | C217: Laura Whitfield | D217: 46293 | F217: Pending | G217: =IF(F217="Pending",Dashboard!$B$2-D217,E217-D217) -> 2

Sheet iCIMS_Export
A1: Job ID | B1: Request Ref | C1: Job Title | D1: Department | E1: Hiring Manager | F1: Recruiter | G1: Location | H1: Date Opened | I1: Status | J1: Offer Accepted Date | K1: Source of Hire | L1: Applicants | M1: Clean_Ref | N1: Site_Status | O1: Req_Flag | P1: Site_Title | Q1: Title_Match | R1: Site_Manager | S1: Manager_Match | T1: Site_Dept | U1: Dept_Match | V1: Opened_Clean | W1: Handoff_Days | X1: Time_To_Fill | Y1: Dept_Clean
A2: 4101 | B2: RR-26-0002 | C2: Research Director | D2: Research | E2: Elena Vasquez | F2: Chris Palmer | G2: Remote (US) | H2: 46044 | I2: Filled | J2: 46076 | K2: Careers Site | L2: 45 | M2: =TRIM(SUBSTITUTE(B2,CHAR(160),"")) -> RR-26-0002 | N2: =IF(M2="","Not found",_xlfn.XLOOKUP(M2,ReqSite_Export!$A$2:$A$82,ReqSite_Export!$J$2:$J$82,"Not found")) -> Approved | O2: =IF(N2="Not found","No request on file",IF(N2<>"Approved","Opened before approval","OK")) -> OK | P2: =IF(N2="Not found","",_xlfn.XLOOKUP(M2,ReqSite_Export!$A$2:$A$82,ReqSite_Export!$E$2:$E$82,"")) -> Research Director | Q2: =IF(P2="","",TRIM(C2)=TRIM(P2)) -> TRUE | R2: =IF(N2="Not found","",_xlfn.XLOOKUP(M2,ReqSite_Export!$A$2:$A$82,ReqSite_Export!$C$2:$C$82,"")) -> Elena Vasquez | S2: =IF(R2="","",TRIM(E2)=TRIM(R2)) -> TRUE | T2: =IF(N2="Not found","",_xlfn.XLOOKUP(M2,ReqSite_Export!$A$2:$A$82,ReqSite_Export!$D$2:$D$82,"")) -> Research | U2: =IF(T2="","",TRIM(D2)=_xlfn.XLOOKUP(T2,Dept_Map!$A$2:$A$11,Dept_Map!$B$2:$B$11,"")) -> TRUE | V2: =IF(ISTEXT(H2),DATEVALUE(H2),H2) -> 46044 | W2: =IF(N2<>"Approved","",V2-_xlfn.XLOOKUP(M2,ReqSite_Export!$A$2:$A$82,ReqSite_Export!$K$2:$K$82)) -> 1 | X2: =IF(AND(I2="Filled",N2="Approved"),J2-_xlfn.XLOOKUP(M2,ReqSite_Export!$A$2:$A$82,ReqSite_Export!$K$2:$K$82),"") -> 33 | Y2: =TRIM(D2) -> Research
A3: 4102 | B3: RR-26-0003 | C3: Sales Operations Analyst | D3: Sales | E3: Carlos Mendes | F3: Dana Whitaker | G3: London | H3: 46048 | I3: Filled | J3: 46087 | K3: Careers Site | L3: 62 | M3: =TRIM(SUBSTITUTE(B3,CHAR(160),"")) -> RR-26-0003 | N3: =IF(M3="","Not found",_xlfn.XLOOKUP(M3,ReqSite_Export!$A$2:$A$82,ReqSite_Export!$J$2:$J$82,"Not found")) -> Approved | O3: =IF(N3="Not found","No request on file",IF(N3<>"Approved","Opened before approval","OK")) -> OK | P3: =IF(N3="Not found","",_xlfn.XLOOKUP(M3,ReqSite_Export!$A$2:$A$82,ReqSite_Export!$E$2:$E$82,"")) -> Sales Operations Analyst | Q3: =IF(P3="","",TRIM(C3)=TRIM(P3)) -> TRUE | R3: =IF(N3="Not found","",_xlfn.XLOOKUP(M3,ReqSite_Export!$A$2:$A$82,ReqSite_Export!$C$2:$C$82,"")) -> Carlos Mendes | S3: =IF(R3="","",TRIM(E3)=TRIM(R3)) -> TRUE | T3: =IF(N3="Not found","",_xlfn.XLOOKUP(M3,ReqSite_Export!$A$2:$A$82,ReqSite_Export!$D$2:$D$82,"")) -> Sales | U3: =IF(T3="","",TRIM(D3)=_xlfn.XLOOKUP(T3,Dept_Map!$A$2:$A$11,Dept_Map!$B$2:$B$11,"")) -> TRUE | V3: =IF(ISTEXT(H3),DATEVALUE(H3),H3) -> 46048 | W3: =IF(N3<>"Approved","",V3-_xlfn.XLOOKUP(M3,ReqSite_Export!$A$2:$A$82,ReqSite_Export!$K$2:$K$82)) -> 3 | X3: =IF(AND(I3="Filled",N3="Approved"),J3-_xlfn.XLOOKUP(M3,ReqSite_Export!$A$2:$A$82,ReqSite_Export!$K$2:$K$82),"") -> 42 | Y3: =TRIM(D3) -> Sales
A4: 4103 | B4: RR-26-0001 | C4: Systems Administrator | D4: Information Technology | E4: Kevin Doyle | F4: Imani Brooks | G4: London | H4: 46050 | I4: Filled | J4: 46079 | K4: Internal Move | L4: 60 | M4: =TRIM(SUBSTITUTE(B4,CHAR(160),"")) -> RR-26-0001 | N4: =IF(M4="","Not found",_xlfn.XLOOKUP(M4,ReqSite_Export!$A$2:$A$82,ReqSite_Export!$J$2:$J$82,"Not found")) -> Approved | O4: =IF(N4="Not found","No request on file",IF(N4<>"Approved","Opened before approval","OK")) -> OK | P4: =IF(N4="Not found","",_xlfn.XLOOKUP(M4,ReqSite_Export!$A$2:$A$82,ReqSite_Export!$E$2:$E$82,"")) -> Systems Administrator | Q4: =IF(P4="","",TRIM(C4)=TRIM(P4)) -> TRUE | R4: =IF(N4="Not found","",_xlfn.XLOOKUP(M4,ReqSite_Export!$A$2:$A$82,ReqSite_Export!$C$2:$C$82,"")) -> Kevin Doyle | S4: =IF(R4="","",TRIM(E4)=TRIM(R4)) -> TRUE | T4: =IF(N4="Not found","",_xlfn.XLOOKUP(M4,ReqSite_Export!$A$2:$A$82,ReqSite_Export!$D$2:$D$82,"")) -> IT | U4: =IF(T4="","",TRIM(D4)=_xlfn.XLOOKUP(T4,Dept_Map!$A$2:$A$11,Dept_Map!$B$2:$B$11,"")) -> TRUE | V4: =IF(ISTEXT(H4),DATEVALUE(H4),H4) -> 46050 | W4: =IF(N4<>"Approved","",V4-_xlfn.XLOOKUP(M4,ReqSite_Export!$A$2:$A$82,ReqSite_Export!$K$2:$K$82)) -> 2 | X4: =IF(AND(I4="Filled",N4="Approved"),J4-_xlfn.XLOOKUP(M4,ReqSite_Export!$A$2:$A$82,ReqSite_Export!$K$2:$K$82),"") -> 31 | Y4: =TRIM(D4) -> Information Technology
A5: 4104 | B5: RR-26-0006 | C5: Financial Analyst | D5: Finance | E5: Paul Mercer | F5: Owen Fitzgerald | G5: London | H5: 46055 | I5: Filled | J5: 46127 | K5: Employee Referral | L5: 42 | M5: =TRIM(SUBSTITUTE(B5,CHAR(160),"")) -> RR-26-0006 | N5: =IF(M5="","Not found",_xlfn.XLOOKUP(M5,ReqSite_Export!$A$2:$A$82,ReqSite_Export!$J$2:$J$82,"Not found")) -> Approved | O5: =IF(N5="Not found","No request on file",IF(N5<>"Approved","Opened before approval","OK")) -> OK | P5: =IF(N5="Not found","",_xlfn.XLOOKUP(M5,ReqSite_Export!$A$2:$A$82,ReqSite_Export!$E$2:$E$82,"")) -> Financial Analyst | Q5: =IF(P5="","",TRIM(C5)=TRIM(P5)) -> TRUE | R5: =IF(N5="Not found","",_xlfn.XLOOKUP(M5,ReqSite_Export!$A$2:$A$82,ReqSite_Export!$C$2:$C$82,"")) -> Paul Mercer | S5: =IF(R5="","",TRIM(E5)=TRIM(R5)) -> TRUE | T5: =IF(N5="Not found","",_xlfn.XLOOKUP(M5,ReqSite_Export!$A$2:$A$82,ReqSite_Export!$D$2:$D$82,"")) -> Finance | U5: =IF(T5="","",TRIM(D5)=_xlfn.XLOOKUP(T5,Dept_Map!$A$2:$A$11,Dept_Map!$B$2:$B$11,"")) -> TRUE | V5: =IF(ISTEXT(H5),DATEVALUE(H5),H5) -> 46055 | W5: =IF(N5<>"Approved","",V5-_xlfn.XLOOKUP(M5,ReqSite_Export!$A$2:$A$82,ReqSite_Export!$K$2:$K$82)) -> 0 | X5: =IF(AND(I5="Filled",N5="Approved"),J5-_xlfn.XLOOKUP(M5,ReqSite_Export!$A$2:$A$82,ReqSite_Export!$K$2:$K$82),"") -> 72 | Y5: =TRIM(D5) -> Finance
A6: 4105 | B6: RR-26-0007 | C6: Product Manager | D6: Product Mgmt | E6: Daniel Osei | F6: Imani Brooks | G6: Boston | H6: 46058 | I6: Filled | J6: 46113 | K6: Internal Move | L6: 44 | M6: =TRIM(SUBSTITUTE(B6,CHAR(160),"")) -> RR-26-0007 | N6: =IF(M6="","Not found",_xlfn.XLOOKUP(M6,ReqSite_Export!$A$2:$A$82,ReqSite_Export!$J$2:$J$82,"Not found")) -> Approved | O6: =IF(N6="Not found","No request on file",IF(N6<>"Approved","Opened before approval","OK")) -> OK | P6: =IF(N6="Not found","",_xlfn.XLOOKUP(M6,ReqSite_Export!$A$2:$A$82,ReqSite_Export!$E$2:$E$82,"")) -> Product Manager | Q6: =IF(P6="","",TRIM(C6)=TRIM(P6)) -> TRUE | R6: =IF(N6="Not found","",_xlfn.XLOOKUP(M6,ReqSite_Export!$A$2:$A$82,ReqSite_Export!$C$2:$C$82,"")) -> Daniel Osei | S6: =IF(R6="","",TRIM(E6)=TRIM(R6)) -> TRUE | T6: =IF(N6="Not found","",_xlfn.XLOOKUP(M6,ReqSite_Export!$A$2:$A$82,ReqSite_Export!$D$2:$D$82,"")) -> Product | U6: =IF(T6="","",TRIM(D6)=_xlfn.XLOOKUP(T6,Dept_Map!$A$2:$A$11,Dept_Map!$B$2:$B$11,"")) -> TRUE | V6: =IF(ISTEXT(H6),DATEVALUE(H6),H6) -> 46058 | W6: =IF(N6<>"Approved","",V6-_xlfn.XLOOKUP(M6,ReqSite_Export!$A$2:$A$82,ReqSite_Export!$K$2:$K$82)) -> 3 | X6: =IF(AND(I6="Filled",N6="Approved"),J6-_xlfn.XLOOKUP(M6,ReqSite_Export!$A$2:$A$82,ReqSite_Export!$K$2:$K$82),"") -> 58 | Y6: =TRIM(D6) -> Product Mgmt
A7: 4106 | B7: RR-26-0004 | C7: Account Executive | D7: Sales | E7: Michael Grant | F7: Dana Whitaker | G7: Boston | H7: 46064 | I7: Filled | J7: 46106 | K7: LinkedIn | L7: 75 | M7: =TRIM(SUBSTITUTE(B7,CHAR(160),"")) -> RR-26-0004 | N7: =IF(M7="","Not found",_xlfn.XLOOKUP(M7,ReqSite_Export!$A$2:$A$82,ReqSite_Export!$J$2:$J$82,"Not found")) -> Approved | O7: =IF(N7="Not found","No request on file",IF(N7<>"Approved","Opened before approval","OK")) -> OK | P7: =IF(N7="Not found","",_xlfn.XLOOKUP(M7,ReqSite_Export!$A$2:$A$82,ReqSite_Export!$E$2:$E$82,"")) -> Account Executive | Q7: =IF(P7="","",TRIM(C7)=TRIM(P7)) -> TRUE | R7: =IF(N7="Not found","",_xlfn.XLOOKUP(M7,ReqSite_Export!$A$2:$A$82,ReqSite_Export!$C$2:$C$82,"")) -> Michael Grant | S7: =IF(R7="","",TRIM(E7)=TRIM(R7)) -> TRUE | T7: =IF(N7="Not found","",_xlfn.XLOOKUP(M7,ReqSite_Export!$A$2:$A$82,ReqSite_Export!$D$2:$D$82,"")) -> Sales | U7: =IF(T7="","",TRIM(D7)=_xlfn.XLOOKUP(T7,Dept_Map!$A$2:$A$11,Dept_Map!$B$2:$B$11,"")) -> TRUE | V7: =IF(ISTEXT(H7),DATEVALUE(H7),H7) -> 46064 | W7: =IF(N7<>"Approved","",V7-_xlfn.XLOOKUP(M7,ReqSite_Export!$A$2:$A$82,ReqSite_Export!$K$2:$K$82)) -> 16 | X7: =IF(AND(I7="Filled",N7="Approved"),J7-_xlfn.XLOOKUP(M7,ReqSite_Export!$A$2:$A$82,ReqSite_Export!$K$2:$K$82),"") -> 58 | Y7: =TRIM(D7) -> Sales
A8: 4107 | B8: RR-26-0005 | C8: Event Coordinator | D8: Events | E8: Victor Salgado | F8: Dana Whitaker | G8: London | H8: 46064 | I8: Filled | J8: 46125 | K8: LinkedIn | L8: 41 | M8: =TRIM(SUBSTITUTE(B8,CHAR(160),"")) -> RR-26-0005 | N8: =IF(M8="","Not found",_xlfn.XLOOKUP(M8,ReqSite_Export!$A$2:$A$82,ReqSite_Export!$J$2:$J$82,"Not found")) -> Approved | O8: =IF(N8="Not found","No request on file",IF(N8<>"Approved","Opened before approval","OK")) -> OK | P8: =IF(N8="Not found","",_xlfn.XLOOKUP(M8,ReqSite_Export!$A$2:$A$82,ReqSite_Export!$E$2:$E$82,"")) -> Event Coordinator | Q8: =IF(P8="","",TRIM(C8)=TRIM(P8)) -> TRUE | R8: =IF(N8="Not found","",_xlfn.XLOOKUP(M8,ReqSite_Export!$A$2:$A$82,ReqSite_Export!$C$2:$C$82,"")) -> Victor Salgado | S8: =IF(R8="","",TRIM(E8)=TRIM(R8)) -> TRUE | T8: =IF(N8="Not found","",_xlfn.XLOOKUP(M8,ReqSite_Export!$A$2:$A$82,ReqSite_Export!$D$2:$D$82,"")) -> Events | U8: =IF(T8="","",TRIM(D8)=_xlfn.XLOOKUP(T8,Dept_Map!$A$2:$A$11,Dept_Map!$B$2:$B$11,"")) -> TRUE | V8: =IF(ISTEXT(H8),DATEVALUE(H8),H8) -> 46064 | W8: =IF(N8<>"Approved","",V8-_xlfn.XLOOKUP(M8,ReqSite_Export!$A$2:$A$82,ReqSite_Export!$K$2:$K$82)) -> 16 | X8: =IF(AND(I8="Filled",N8="Approved"),J8-_xlfn.XLOOKUP(M8,ReqSite_Export!$A$2:$A$82,ReqSite_Export!$K$2:$K$82),"") -> 77 | Y8: =TRIM(D8) -> Events
A9: 4108 | B9: RR-26-0008 | C9: Sales Operations Analyst | D9: Sales | E9: Jasmine Reid | F9: Dana Whitaker | G9: London | H9: 46066 | I9: Filled | J9: 46136 | K9: Employee Referral | L9: 31 | M9: =TRIM(SUBSTITUTE(B9,CHAR(160),"")) -> RR-26-0008 | N9: =IF(M9="","Not found",_xlfn.XLOOKUP(M9,ReqSite_Export!$A$2:$A$82,ReqSite_Export!$J$2:$J$82,"Not found")) -> Approved | O9: =IF(N9="Not found","No request on file",IF(N9<>"Approved","Opened before approval","OK")) -> OK | P9: =IF(N9="Not found","",_xlfn.XLOOKUP(M9,ReqSite_Export!$A$2:$A$82,ReqSite_Export!$E$2:$E$82,"")) -> Sales Operations Analyst | Q9: =IF(P9="","",TRIM(C9)=TRIM(P9)) -> TRUE | R9: =IF(N9="Not found","",_xlfn.XLOOKUP(M9,ReqSite_Export!$A$2:$A$82,ReqSite_Export!$C$2:$C$82,"")) -> Jasmine Reid | S9: =IF(R9="","",TRIM(E9)=TRIM(R9)) -> TRUE | T9: =IF(N9="Not found","",_xlfn.XLOOKUP(M9,ReqSite_Export!$A$2:$A$82,ReqSite_Export!$D$2:$D$82,"")) -> Sales | U9: =IF(T9="","",TRIM(D9)=_xlfn.XLOOKUP(T9,Dept_Map!$A$2:$A$11,Dept_Map!$B$2:$B$11,"")) -> TRUE | V9: =IF(ISTEXT(H9),DATEVALUE(H9),H9) -> 46066 | W9: =IF(N9<>"Approved","",V9-_xlfn.XLOOKUP(M9,ReqSite_Export!$A$2:$A$82,ReqSite_Export!$K$2:$K$82)) -> 14 | X9: =IF(AND(I9="Filled",N9="Approved"),J9-_xlfn.XLOOKUP(M9,ReqSite_Export!$A$2:$A$82,ReqSite_Export!$K$2:$K$82),"") -> 84 | Y9: =TRIM(D9) -> Sales
A10: 4109 | B10: RR-26-0009 | C10: Account Executive | D10: Sales | E10: Carlos Mendes | F10: Dana Whitaker | G10: Boston | H10: 46076 | I10: Filled | J10: 46132 | K10: Agency | L10: 54 | M10: =TRIM(SUBSTITUTE(B10,CHAR(160),"")) -> RR-26-0009 | N10: =IF(M10="","Not found",_xlfn.XLOOKUP(M10,ReqSite_Export!$A$2:$A$82,ReqSite_Export!$J$2:$J$82,"Not found")) -> Approved | O10: =IF(N10="Not found","No request on file",IF(N10<>"Approved","Opened before approval","OK")) -> OK | P10: =IF(N10="Not found","",_xlfn.XLOOKUP(M10,ReqSite_Export!$A$2:$A$82,ReqSite_Export!$E$2:$E$82,"")) -> Account Executive | Q10: =IF(P10="","",TRIM(C10)=TRIM(P10)) -> TRUE | R10: =IF(N10="Not found","",_xlfn.XLOOKUP(M10,ReqSite_Export!$A$2:$A$82,ReqSite_Export!$C$2:$C$82,"")) -> Carlos Mendes | S10: =IF(R10="","",TRIM(E10)=TRIM(R10)) -> TRUE | T10: =IF(N10="Not found","",_xlfn.XLOOKUP(M10,ReqSite_Export!$A$2:$A$82,ReqSite_Export!$D$2:$D$82,"")) -> Sales | U10: =IF(T10="","",TRIM(D10)=_xlfn.XLOOKUP(T10,Dept_Map!$A$2:$A$11,Dept_Map!$B$2:$B$11,"")) -> TRUE | V10: =IF(ISTEXT(H10),DATEVALUE(H10),H10) -> 46076 | W10: =IF(N10<>"Approved","",V10-_xlfn.XLOOKUP(M10,ReqSite_Export!$A$2:$A$82,ReqSite_Export!$K$2:$K$82)) -> 6 | X10: =IF(AND(I10="Filled",N10="Approved"),J10-_xlfn.XLOOKUP(M10,ReqSite_Export!$A$2:$A$82,ReqSite_Export!$K$2:$K$82),"") -> 62 | Y10: =TRIM(D10) -> Sales
A11: 4110 | B11: RR-26-0011 | C11: Product Marketing Manager | D11: Mktg & Comms | E11: Olivia Chen | F11: Dana Whitaker | G11: Boston | H11: 46076 | I11: Filled | J11: 46148 | K11: LinkedIn | L11: 53 | M11: =TRIM(SUBSTITUTE(B11,CHAR(160),"")) -> RR-26-0011 | N11: =IF(M11="","Not found",_xlfn.XLOOKUP(M11,ReqSite_Export!$A$2:$A$82,ReqSite_Export!$J$2:$J$82,"Not found")) -> Approved | O11: =IF(N11="Not found","No request on file",IF(N11<>"Approved","Opened before approval","OK")) -> OK | P11: =IF(N11="Not found","",_xlfn.XLOOKUP(M11,ReqSite_Export!$A$2:$A$82,ReqSite_Export!$E$2:$E$82,"")) -> Product Marketing Manager | Q11: =IF(P11="","",TRIM(C11)=TRIM(P11)) -> TRUE | R11: =IF(N11="Not found","",_xlfn.XLOOKUP(M11,ReqSite_Export!$A$2:$A$82,ReqSite_Export!$C$2:$C$82,"")) -> Olivia Chen | S11: =IF(R11="","",TRIM(E11)=TRIM(R11)) -> TRUE | T11: =IF(N11="Not found","",_xlfn.XLOOKUP(M11,ReqSite_Export!$A$2:$A$82,ReqSite_Export!$D$2:$D$82,"")) -> Marketing | U11: =IF(T11="","",TRIM(D11)=_xlfn.XLOOKUP(T11,Dept_Map!$A$2:$A$11,Dept_Map!$B$2:$B$11,"")) -> TRUE | V11: =IF(ISTEXT(H11),DATEVALUE(H11),H11) -> 46076 | W11: =IF(N11<>"Approved","",V11-_xlfn.XLOOKUP(M11,ReqSite_Export!$A$2:$A$82,ReqSite_Export!$K$2:$K$82)) -> 3 | X11: =IF(AND(I11="Filled",N11="Approved"),J11-_xlfn.XLOOKUP(M11,ReqSite_Export!$A$2:$A$82,ReqSite_Export!$K$2:$K$82),"") -> 75 | Y11: =TRIM(D11) -> Mktg & Comms
A12: 4111 | B12: N/A | C12: Event Coordinator | D12: Events | E12: Grace Holloway | F12: Dana Whitaker | G12: Boston | H12: 46083 | I12: Filled | J12: 46132 | K12: Employee Referral | L12: 64 | M12: =TRIM(SUBSTITUTE(B12,CHAR(160),"")) -> N/A | N12: =IF(M12="","Not found",_xlfn.XLOOKUP(M12,ReqSite_Export!$A$2:$A$82,ReqSite_Export!$J$2:$J$82,"Not found")) -> Not found | O12: =IF(N12="Not found","No request on file",IF(N12<>"Approved","Opened before approval","OK")) -> No request on file | P12: =IF(N12="Not found","",_xlfn.XLOOKUP(M12,ReqSite_Export!$A$2:$A$82,ReqSite_Export!$E$2:$E$82,"")) | Q12: =IF(P12="","",TRIM(C12)=TRIM(P12)) | R12: =IF(N12="Not found","",_xlfn.XLOOKUP(M12,ReqSite_Export!$A$2:$A$82,ReqSite_Export!$C$2:$C$82,"")) | S12: =IF(R12="","",TRIM(E12)=TRIM(R12)) | T12: =IF(N12="Not found","",_xlfn.XLOOKUP(M12,ReqSite_Export!$A$2:$A$82,ReqSite_Export!$D$2:$D$82,"")) | U12: =IF(T12="","",TRIM(D12)=_xlfn.XLOOKUP(T12,Dept_Map!$A$2:$A$11,Dept_Map!$B$2:$B$11,"")) | V12: =IF(ISTEXT(H12),DATEVALUE(H12),H12) -> 46083 | W12: =IF(N12<>"Approved","",V12-_xlfn.XLOOKUP(M12,ReqSite_Export!$A$2:$A$82,ReqSite_Export!$K$2:$K$82)) | X12: =IF(AND(I12="Filled",N12="Approved"),J12-_xlfn.XLOOKUP(M12,ReqSite_Export!$A$2:$A$82,ReqSite_Export!$K$2:$K$82),"") | Y12: =TRIM(D12) -> Events
A13: 4112 | B13: RR-26-0012 | C13: Senior Product Manager | D13: Product Mgmt | E13: Daniel Osei | F13: Imani Brooks | G13: London | H13: 46090 | I13: Cancelled | L13: 74 | M13: =TRIM(SUBSTITUTE(B13,CHAR(160),"")) -> RR-26-0012 | N13: =IF(M13="","Not found",_xlfn.XLOOKUP(M13,ReqSite_Export!$A$2:$A$82,ReqSite_Export!$J$2:$J$82,"Not found")) -> Approved | O13: =IF(N13="Not found","No request on file",IF(N13<>"Approved","Opened before approval","OK")) -> OK | P13: =IF(N13="Not found","",_xlfn.XLOOKUP(M13,ReqSite_Export!$A$2:$A$82,ReqSite_Export!$E$2:$E$82,"")) -> Senior Product Manager | Q13: =IF(P13="","",TRIM(C13)=TRIM(P13)) -> TRUE | R13: =IF(N13="Not found","",_xlfn.XLOOKUP(M13,ReqSite_Export!$A$2:$A$82,ReqSite_Export!$C$2:$C$82,"")) -> Daniel Osei | S13: =IF(R13="","",TRIM(E13)=TRIM(R13)) -> TRUE | T13: =IF(N13="Not found","",_xlfn.XLOOKUP(M13,ReqSite_Export!$A$2:$A$82,ReqSite_Export!$D$2:$D$82,"")) -> Product | U13: =IF(T13="","",TRIM(D13)=_xlfn.XLOOKUP(T13,Dept_Map!$A$2:$A$11,Dept_Map!$B$2:$B$11,"")) -> TRUE | V13: =IF(ISTEXT(H13),DATEVALUE(H13),H13) -> 46090 | W13: =IF(N13<>"Approved","",V13-_xlfn.XLOOKUP(M13,ReqSite_Export!$A$2:$A$82,ReqSite_Export!$K$2:$K$82)) -> 6 | X13: =IF(AND(I13="Filled",N13="Approved"),J13-_xlfn.XLOOKUP(M13,ReqSite_Export!$A$2:$A$82,ReqSite_Export!$K$2:$K$82),"") | Y13: =TRIM(D13) -> Product Mgmt
A14: 4113 | B14: RR-26-0010 | C14: Event Marketing Manager | D14: Events | E14: Grace Holloway | F14: Dana Whitaker | G14: London | H14: 46092 | I14: Filled | J14: 46141 | K14: LinkedIn | L14: 20 | M14: =TRIM(SUBSTITUTE(B14,CHAR(160),"")) -> RR-26-0010 | N14: =IF(M14="","Not found",_xlfn.XLOOKUP(M14,ReqSite_Export!$A$2:$A$82,ReqSite_Export!$J$2:$J$82,"Not found")) -> Approved | O14: =IF(N14="Not found","No request on file",IF(N14<>"Approved","Opened before approval","OK")) -> OK | P14: =IF(N14="Not found","",_xlfn.XLOOKUP(M14,ReqSite_Export!$A$2:$A$82,ReqSite_Export!$E$2:$E$82,"")) -> Event Marketing Manager | Q14: =IF(P14="","",TRIM(C14)=TRIM(P14)) -> TRUE | R14: =IF(N14="Not found","",_xlfn.XLOOKUP(M14,ReqSite_Export!$A$2:$A$82,ReqSite_Export!$C$2:$C$82,"")) -> Grace Holloway | S14: =IF(R14="","",TRIM(E14)=TRIM(R14)) -> TRUE | T14: =IF(N14="Not found","",_xlfn.XLOOKUP(M14,ReqSite_Export!$A$2:$A$82,ReqSite_Export!$D$2:$D$82,"")) -> Events | U14: =IF(T14="","",TRIM(D14)=_xlfn.XLOOKUP(T14,Dept_Map!$A$2:$A$11,Dept_Map!$B$2:$B$11,"")) -> TRUE | V14: =IF(ISTEXT(H14),DATEVALUE(H14),H14) -> 46092 | W14: =IF(N14<>"Approved","",V14-_xlfn.XLOOKUP(M14,ReqSite_Export!$A$2:$A$82,ReqSite_Export!$K$2:$K$82)) -> 16 | X14: =IF(AND(I14="Filled",N14="Approved"),J14-_xlfn.XLOOKUP(M14,ReqSite_Export!$A$2:$A$82,ReqSite_Export!$K$2:$K$82),"") -> 65 | Y14: =TRIM(D14) -> Events
A15: 4114 | B15: RR-26-0015 | C15: Engagement Manager | D15: Consulting Services | E15: Sofia Marino | F15: Chris Palmer | G15: Toronto | H15: 46097 | I15: Filled | J15: 46157 | K15: LinkedIn | L15: 68 | M15: =TRIM(SUBSTITUTE(B15,CHAR(160),"")) -> RR-26-0015 | N15: =IF(M15="","Not found",_xlfn.XLOOKUP(M15,ReqSite_Export!$A$2:$A$82,ReqSite_Export!$J$2:$J$82,"Not found")) -> Approved | O15: =IF(N15="Not found","No request on file",IF(N15<>"Approved","Opened before approval","OK")) -> OK | P15: =IF(N15="Not found","",_xlfn.XLOOKUP(M15,ReqSite_Export!$A$2:$A$82,ReqSite_Export!$E$2:$E$82,"")) -> Engagement Manager | Q15: =IF(P15="","",TRIM(C15)=TRIM(P15)) -> TRUE | R15: =IF(N15="Not found","",_xlfn.XLOOKUP(M15,ReqSite_Export!$A$2:$A$82,ReqSite_Export!$C$2:$C$82,"")) -> Sofia Marino | S15: =IF(R15="","",TRIM(E15)=TRIM(R15)) -> TRUE | T15: =IF(N15="Not found","",_xlfn.XLOOKUP(M15,ReqSite_Export!$A$2:$A$82,ReqSite_Export!$D$2:$D$82,"")) -> Consulting | U15: =IF(T15="","",TRIM(D15)=_xlfn.XLOOKUP(T15,Dept_Map!$A$2:$A$11,Dept_Map!$B$2:$B$11,"")) -> TRUE | V15: =IF(ISTEXT(H15),DATEVALUE(H15),H15) -> 46097 | W15: =IF(N15<>"Approved","",V15-_xlfn.XLOOKUP(M15,ReqSite_Export!$A$2:$A$82,ReqSite_Export!$K$2:$K$82)) -> 3 | X15: =IF(AND(I15="Filled",N15="Approved"),J15-_xlfn.XLOOKUP(M15,ReqSite_Export!$A$2:$A$82,ReqSite_Export!$K$2:$K$82),"") -> 63 | Y15: =TRIM(D15) -> Consulting Services
A16: 4115 | B16: RR-26-0014 | C16: HRIS Analyst | D16: HR | E16: Julia Novak | F16: Owen Fitzgerald | G16: Boston | H16: 46100 | I16: Filled | J16: 46143 | K16: Careers Site | L16: 21 | M16: =TRIM(SUBSTITUTE(B16,CHAR(160),"")) -> RR-26-0014 | N16: =IF(M16="","Not found",_xlfn.XLOOKUP(M16,ReqSite_Export!$A$2:$A$82,ReqSite_Export!$J$2:$J$82,"Not found")) -> Approved | O16: =IF(N16="Not found","No request on file",IF(N16<>"Approved","Opened before approval","OK")) -> OK | P16: =IF(N16="Not found","",_xlfn.XLOOKUP(M16,ReqSite_Export!$A$2:$A$82,ReqSite_Export!$E$2:$E$82,"")) -> HRIS Analyst | Q16: =IF(P16="","",TRIM(C16)=TRIM(P16)) -> TRUE | R16: =IF(N16="Not found","",_xlfn.XLOOKUP(M16,ReqSite_Export!$A$2:$A$82,ReqSite_Export!$C$2:$C$82,"")) -> Julia Novak | S16: =IF(R16="","",TRIM(E16)=TRIM(R16)) -> TRUE | T16: =IF(N16="Not found","",_xlfn.XLOOKUP(M16,ReqSite_Export!$A$2:$A$82,ReqSite_Export!$D$2:$D$82,"")) -> Human Resources | U16: =IF(T16="","",TRIM(D16)=_xlfn.XLOOKUP(T16,Dept_Map!$A$2:$A$11,Dept_Map!$B$2:$B$11,"")) -> TRUE | V16: =IF(ISTEXT(H16),DATEVALUE(H16),H16) -> 46100 | W16: =IF(N16<>"Approved","",V16-_xlfn.XLOOKUP(M16,ReqSite_Export!$A$2:$A$82,ReqSite_Export!$K$2:$K$82)) -> 3 | X16: =IF(AND(I16="Filled",N16="Approved"),J16-_xlfn.XLOOKUP(M16,ReqSite_Export!$A$2:$A$82,ReqSite_Export!$K$2:$K$82),"") -> 46 | Y16: =TRIM(D16) -> HR
A17: 4116 | B17: RR-26-0016 | C17: Data Engineer | D17: Data and Analytics | E17: Amy Sorensen | F17: Imani Brooks | G17: Boston | H17: 46101 | I17: Filled | J17: 46126 | K17: Agency | L17: 98 | M17: =TRIM(SUBSTITUTE(B17,CHAR(160),"")) -> RR-26-0016 | N17: =IF(M17="","Not found",_xlfn.XLOOKUP(M17,ReqSite_Export!$A$2:$A$82,ReqSite_Export!$J$2:$J$82,"Not found")) -> Approved | O17: =IF(N17="Not found","No request on file",IF(N17<>"Approved","Opened before approval","OK")) -> OK | P17: =IF(N17="Not found","",_xlfn.XLOOKUP(M17,ReqSite_Export!$A$2:$A$82,ReqSite_Export!$E$2:$E$82,"")) -> Data Engineer | Q17: =IF(P17="","",TRIM(C17)=TRIM(P17)) -> TRUE | R17: =IF(N17="Not found","",_xlfn.XLOOKUP(M17,ReqSite_Export!$A$2:$A$82,ReqSite_Export!$C$2:$C$82,"")) -> Amy Sorensen | S17: =IF(R17="","",TRIM(E17)=TRIM(R17)) -> TRUE | T17: =IF(N17="Not found","",_xlfn.XLOOKUP(M17,ReqSite_Export!$A$2:$A$82,ReqSite_Export!$D$2:$D$82,"")) -> Data & Analytics | U17: =IF(T17="","",TRIM(D17)=_xlfn.XLOOKUP(T17,Dept_Map!$A$2:$A$11,Dept_Map!$B$2:$B$11,"")) -> TRUE | V17: =IF(ISTEXT(H17),DATEVALUE(H17),H17) -> 46101 | W17: =IF(N17<>"Approved","",V17-_xlfn.XLOOKUP(M17,ReqSite_Export!$A$2:$A$82,ReqSite_Export!$K$2:$K$82)) -> 2 | X17: =IF(AND(I17="Filled",N17="Approved"),J17-_xlfn.XLOOKUP(M17,ReqSite_Export!$A$2:$A$82,ReqSite_Export!$K$2:$K$82),"") -> 27 | Y17: =TRIM(D17) -> Data and Analytics
A18: 4117 | B18: RR-26-0020 | C18: Event Marketing Manager | D18: Events | E18: Grace Holloway | F18: Dana Whitaker | G18: London | H18: 46121 | I18: Filled | J18: 46167 | K18: Employee Referral | L18: 24 | M18: =TRIM(SUBSTITUTE(B18,CHAR(160),"")) -> RR-26-0020 | N18: =IF(M18="","Not found",_xlfn.XLOOKUP(M18,ReqSite_Export!$A$2:$A$82,ReqSite_Export!$J$2:$J$82,"Not found")) -> Approved | O18: =IF(N18="Not found","No request on file",IF(N18<>"Approved","Opened before approval","OK")) -> OK | P18: =IF(N18="Not found","",_xlfn.XLOOKUP(M18,ReqSite_Export!$A$2:$A$82,ReqSite_Export!$E$2:$E$82,"")) -> Event Marketing Manager | Q18: =IF(P18="","",TRIM(C18)=TRIM(P18)) -> TRUE | R18: =IF(N18="Not found","",_xlfn.XLOOKUP(M18,ReqSite_Export!$A$2:$A$82,ReqSite_Export!$C$2:$C$82,"")) -> Grace Holloway | S18: =IF(R18="","",TRIM(E18)=TRIM(R18)) -> TRUE | T18: =IF(N18="Not found","",_xlfn.XLOOKUP(M18,ReqSite_Export!$A$2:$A$82,ReqSite_Export!$D$2:$D$82,"")) -> Events | U18: =IF(T18="","",TRIM(D18)=_xlfn.XLOOKUP(T18,Dept_Map!$A$2:$A$11,Dept_Map!$B$2:$B$11,"")) -> TRUE | V18: =IF(ISTEXT(H18),DATEVALUE(H18),H18) -> 46121 | W18: =IF(N18<>"Approved","",V18-_xlfn.XLOOKUP(M18,ReqSite_Export!$A$2:$A$82,ReqSite_Export!$K$2:$K$82)) -> 3 | X18: =IF(AND(I18="Filled",N18="Approved"),J18-_xlfn.XLOOKUP(M18,ReqSite_Export!$A$2:$A$82,ReqSite_Export!$K$2:$K$82),"") -> 49 | Y18: =TRIM(D18) -> Events
A19: 4118 | B19: RR-26-0017 | C19: Senior Accountant | D19: Finance | E19: Lisa Tran | F19: Owen Fitzgerald | G19: Boston | H19: 46125 | I19: Filled | J19: 46202 | K19: LinkedIn | L19: 44 | M19: =TRIM(SUBSTITUTE(B19,CHAR(160),"")) -> RR-26-0017 | N19: =IF(M19="","Not found",_xlfn.XLOOKUP(M19,ReqSite_Export!$A$2:$A$82,ReqSite_Export!$J$2:$J$82,"Not found")) -> Approved | O19: =IF(N19="Not found","No request on file",IF(N19<>"Approved","Opened before approval","OK")) -> OK | P19: =IF(N19="Not found","",_xlfn.XLOOKUP(M19,ReqSite_Export!$A$2:$A$82,ReqSite_Export!$E$2:$E$82,"")) -> Senior Accountant | Q19: =IF(P19="","",TRIM(C19)=TRIM(P19)) -> TRUE | R19: =IF(N19="Not found","",_xlfn.XLOOKUP(M19,ReqSite_Export!$A$2:$A$82,ReqSite_Export!$C$2:$C$82,"")) -> Lisa Tran | S19: =IF(R19="","",TRIM(E19)=TRIM(R19)) -> TRUE | T19: =IF(N19="Not found","",_xlfn.XLOOKUP(M19,ReqSite_Export!$A$2:$A$82,ReqSite_Export!$D$2:$D$82,"")) -> Finance | U19: =IF(T19="","",TRIM(D19)=_xlfn.XLOOKUP(T19,Dept_Map!$A$2:$A$11,Dept_Map!$B$2:$B$11,"")) -> TRUE | V19: =IF(ISTEXT(H19),DATEVALUE(H19),H19) -> 46125 | W19: =IF(N19<>"Approved","",V19-_xlfn.XLOOKUP(M19,ReqSite_Export!$A$2:$A$82,ReqSite_Export!$K$2:$K$82)) -> 4 | X19: =IF(AND(I19="Filled",N19="Approved"),J19-_xlfn.XLOOKUP(M19,ReqSite_Export!$A$2:$A$82,ReqSite_Export!$K$2:$K$82),"") -> 81 | Y19: =TRIM(D19) -> Finance
A20: 4119 | B20: RR-26-0022 | C20: Content Marketing Manager | D20: Events | E20: Olivia Chen | F20: Dana Whitaker | G20: Boston | H20: 46139 | I20: Filled | J20: 46190 | K20: Employee Referral | L20: 77 | M20: =TRIM(SUBSTITUTE(B20,CHAR(160),"")) -> RR-26-0022 | N20: =IF(M20="","Not found",_xlfn.XLOOKUP(M20,ReqSite_Export!$A$2:$A$82,ReqSite_Export!$J$2:$J$82,"Not found")) -> Approved | O20: =IF(N20="Not found","No request on file",IF(N20<>"Approved","Opened before approval","OK")) -> OK | P20: =IF(N20="Not found","",_xlfn.XLOOKUP(M20,ReqSite_Export!$A$2:$A$82,ReqSite_Export!$E$2:$E$82,"")) -> Content Marketing Manager | Q20: =IF(P20="","",TRIM(C20)=TRIM(P20)) -> TRUE | R20: =IF(N20="Not found","",_xlfn.XLOOKUP(M20,ReqSite_Export!$A$2:$A$82,ReqSite_Export!$C$2:$C$82,"")) -> Olivia Chen | S20: =IF(R20="","",TRIM(E20)=TRIM(R20)) -> TRUE | T20: =IF(N20="Not found","",_xlfn.XLOOKUP(M20,ReqSite_Export!$A$2:$A$82,ReqSite_Export!$D$2:$D$82,"")) -> Marketing | U20: =IF(T20="","",TRIM(D20)=_xlfn.XLOOKUP(T20,Dept_Map!$A$2:$A$11,Dept_Map!$B$2:$B$11,"")) -> FALSE | V20: =IF(ISTEXT(H20),DATEVALUE(H20),H20) -> 46139 | W20: =IF(N20<>"Approved","",V20-_xlfn.XLOOKUP(M20,ReqSite_Export!$A$2:$A$82,ReqSite_Export!$K$2:$K$82)) -> 13 | X20: =IF(AND(I20="Filled",N20="Approved"),J20-_xlfn.XLOOKUP(M20,ReqSite_Export!$A$2:$A$82,ReqSite_Export!$K$2:$K$82),"") -> 64 | Y20: =TRIM(D20) -> Events
A21: 4120 | B21: RR-26-0021 | C21: Analytics Engineer | D21: Data and Analytics | E21: Nikhil Rao | F21: Imani Brooks | G21: Boston | H21: 46142 | I21: Filled | J21: 46209 | K21: Employee Referral | L21: 51 | M21: =TRIM(SUBSTITUTE(B21,CHAR(160),"")) -> RR-26-0021 | N21: =IF(M21="","Not found",_xlfn.XLOOKUP(M21,ReqSite_Export!$A$2:$A$82,ReqSite_Export!$J$2:$J$82,"Not found")) -> Approved | O21: =IF(N21="Not found","No request on file",IF(N21<>"Approved","Opened before approval","OK")) -> OK | P21: =IF(N21="Not found","",_xlfn.XLOOKUP(M21,ReqSite_Export!$A$2:$A$82,ReqSite_Export!$E$2:$E$82,"")) -> Analytics Engineer | Q21: =IF(P21="","",TRIM(C21)=TRIM(P21)) -> TRUE | R21: =IF(N21="Not found","",_xlfn.XLOOKUP(M21,ReqSite_Export!$A$2:$A$82,ReqSite_Export!$C$2:$C$82,"")) -> Nikhil Rao | S21: =IF(R21="","",TRIM(E21)=TRIM(R21)) -> TRUE | T21: =IF(N21="Not found","",_xlfn.XLOOKUP(M21,ReqSite_Export!$A$2:$A$82,ReqSite_Export!$D$2:$D$82,"")) -> Data & Analytics | U21: =IF(T21="","",TRIM(D21)=_xlfn.XLOOKUP(T21,Dept_Map!$A$2:$A$11,Dept_Map!$B$2:$B$11,"")) -> TRUE | V21: =IF(ISTEXT(H21),DATEVALUE(H21),H21) -> 46142 | W21: =IF(N21<>"Approved","",V21-_xlfn.XLOOKUP(M21,ReqSite_Export!$A$2:$A$82,ReqSite_Export!$K$2:$K$82)) -> 9 | X21: =IF(AND(I21="Filled",N21="Approved"),J21-_xlfn.XLOOKUP(M21,ReqSite_Export!$A$2:$A$82,ReqSite_Export!$K$2:$K$82),"") -> 76 | Y21: =TRIM(D21) -> Data and Analytics
A22: 4121 | B22: RR-26-0029 | C22: Marketing Operations Specialist | D22: Mktg & Comms | E22: Ethan Park | F22: Dana Whitaker | G22: Boston | H22: 46146 | I22: Filled | J22: 46202 | K22: Agency | L22: 42 | M22: =TRIM(SUBSTITUTE(B22,CHAR(160),"")) -> RR-26-0029 | N22: =IF(M22="","Not found",_xlfn.XLOOKUP(M22,ReqSite_Export!$A$2:$A$82,ReqSite_Export!$J$2:$J$82,"Not found")) -> Approved | O22: =IF(N22="Not found","No request on file",IF(N22<>"Approved","Opened before approval","OK")) -> OK | P22: =IF(N22="Not found","",_xlfn.XLOOKUP(M22,ReqSite_Export!$A$2:$A$82,ReqSite_Export!$E$2:$E$82,"")) -> Marketing Operations Specialist | Q22: =IF(P22="","",TRIM(C22)=TRIM(P22)) -> TRUE | R22: =IF(N22="Not found","",_xlfn.XLOOKUP(M22,ReqSite_Export!$A$2:$A$82,ReqSite_Export!$C$2:$C$82,"")) -> Ethan Park | S22: =IF(R22="","",TRIM(E22)=TRIM(R22)) -> TRUE | T22: =IF(N22="Not found","",_xlfn.XLOOKUP(M22,ReqSite_Export!$A$2:$A$82,ReqSite_Export!$D$2:$D$82,"")) -> Marketing | U22: =IF(T22="","",TRIM(D22)=_xlfn.XLOOKUP(T22,Dept_Map!$A$2:$A$11,Dept_Map!$B$2:$B$11,"")) -> TRUE | V22: =IF(ISTEXT(H22),DATEVALUE(H22),H22) -> 46146 | W22: =IF(N22<>"Approved","",V22-_xlfn.XLOOKUP(M22,ReqSite_Export!$A$2:$A$82,ReqSite_Export!$K$2:$K$82)) -> 4 | X22: =IF(AND(I22="Filled",N22="Approved"),J22-_xlfn.XLOOKUP(M22,ReqSite_Export!$A$2:$A$82,ReqSite_Export!$K$2:$K$82),"") -> 60 | Y22: =TRIM(D22) -> Mktg & Comms
A23: 4122 | B23: RR-26-0023 | C23: Benefits Specialist | D23: HR | E23: Robert Hayes | F23: Owen Fitzgerald | G23: London | H23: 46146 | I23: Cancelled | L23: 35 | M23: =TRIM(SUBSTITUTE(B23,CHAR(160),"")) -> RR-26-0023 | N23: =IF(M23="","Not found",_xlfn.XLOOKUP(M23,ReqSite_Export!$A$2:$A$82,ReqSite_Export!$J$2:$J$82,"Not found")) -> Approved | O23: =IF(N23="Not found","No request on file",IF(N23<>"Approved","Opened before approval","OK")) -> OK | P23: =IF(N23="Not found","",_xlfn.XLOOKUP(M23,ReqSite_Export!$A$2:$A$82,ReqSite_Export!$E$2:$E$82,"")) -> Benefits Specialist | Q23: =IF(P23="","",TRIM(C23)=TRIM(P23)) -> TRUE | R23: =IF(N23="Not found","",_xlfn.XLOOKUP(M23,ReqSite_Export!$A$2:$A$82,ReqSite_Export!$C$2:$C$82,"")) -> Robert Hayes | S23: =IF(R23="","",TRIM(E23)=TRIM(R23)) -> TRUE | T23: =IF(N23="Not found","",_xlfn.XLOOKUP(M23,ReqSite_Export!$A$2:$A$82,ReqSite_Export!$D$2:$D$82,"")) -> Human Resources | U23: =IF(T23="","",TRIM(D23)=_xlfn.XLOOKUP(T23,Dept_Map!$A$2:$A$11,Dept_Map!$B$2:$B$11,"")) -> TRUE | V23: =IF(ISTEXT(H23),DATEVALUE(H23),H23) -> 46146 | W23: =IF(N23<>"Approved","",V23-_xlfn.XLOOKUP(M23,ReqSite_Export!$A$2:$A$82,ReqSite_Export!$K$2:$K$82)) -> 10 | X23: =IF(AND(I23="Filled",N23="Approved"),J23-_xlfn.XLOOKUP(M23,ReqSite_Export!$A$2:$A$82,ReqSite_Export!$K$2:$K$82),"") | Y23: =TRIM(D23) -> HR
A24: 4123 | B24: RR-26-0026 | C24: Research Manager | D24: Research | E24: Brian Cho | F24: Chris Palmer | G24: Remote (US) | H24: 46146 | I24: Filled | J24: 46188 | K24: Employee Referral | L24: 103 | M24: =TRIM(SUBSTITUTE(B24,CHAR(160),"")) -> RR-26-0026 | N24: =IF(M24="","Not found",_xlfn.XLOOKUP(M24,ReqSite_Export!$A$2:$A$82,ReqSite_Export!$J$2:$J$82,"Not found")) -> Approved | O24: =IF(N24="Not found","No request on file",IF(N24<>"Approved","Opened before approval","OK")) -> OK | P24: =IF(N24="Not found","",_xlfn.XLOOKUP(M24,ReqSite_Export!$A$2:$A$82,ReqSite_Export!$E$2:$E$82,"")) -> Research Manager | Q24: =IF(P24="","",TRIM(C24)=TRIM(P24)) -> TRUE | R24: =IF(N24="Not found","",_xlfn.XLOOKUP(M24,ReqSite_Export!$A$2:$A$82,ReqSite_Export!$C$2:$C$82,"")) -> Brian Cho | S24: =IF(R24="","",TRIM(E24)=TRIM(R24)) -> TRUE | T24: =IF(N24="Not found","",_xlfn.XLOOKUP(M24,ReqSite_Export!$A$2:$A$82,ReqSite_Export!$D$2:$D$82,"")) -> Research | U24: =IF(T24="","",TRIM(D24)=_xlfn.XLOOKUP(T24,Dept_Map!$A$2:$A$11,Dept_Map!$B$2:$B$11,"")) -> TRUE | V24: =IF(ISTEXT(H24),DATEVALUE(H24),H24) -> 46146 | W24: =IF(N24<>"Approved","",V24-_xlfn.XLOOKUP(M24,ReqSite_Export!$A$2:$A$82,ReqSite_Export!$K$2:$K$82)) -> 4 | X24: =IF(AND(I24="Filled",N24="Approved"),J24-_xlfn.XLOOKUP(M24,ReqSite_Export!$A$2:$A$82,ReqSite_Export!$K$2:$K$82),"") -> 46 | Y24: =TRIM(D24) -> Research
A25: 4124 | B25: RR-26-0027 | C25: HRIS Analyst | D25: HR | E25: Robert Hayes | F25: Owen Fitzgerald | G25: Boston | H25: 46146 | I25: Filled | J25: 46174 | K25: Employee Referral | L25: 49 | M25: =TRIM(SUBSTITUTE(B25,CHAR(160),"")) -> RR-26-0027 | N25: =IF(M25="","Not found",_xlfn.XLOOKUP(M25,ReqSite_Export!$A$2:$A$82,ReqSite_Export!$J$2:$J$82,"Not found")) -> Approved | O25: =IF(N25="Not found","No request on file",IF(N25<>"Approved","Opened before approval","OK")) -> OK | P25: =IF(N25="Not found","",_xlfn.XLOOKUP(M25,ReqSite_Export!$A$2:$A$82,ReqSite_Export!$E$2:$E$82,"")) -> HRIS Analyst | Q25: =IF(P25="","",TRIM(C25)=TRIM(P25)) -> TRUE | R25: =IF(N25="Not found","",_xlfn.XLOOKUP(M25,ReqSite_Export!$A$2:$A$82,ReqSite_Export!$C$2:$C$82,"")) -> Robert Hayes | S25: =IF(R25="","",TRIM(E25)=TRIM(R25)) -> TRUE | T25: =IF(N25="Not found","",_xlfn.XLOOKUP(M25,ReqSite_Export!$A$2:$A$82,ReqSite_Export!$D$2:$D$82,"")) -> Human Resources | U25: =IF(T25="","",TRIM(D25)=_xlfn.XLOOKUP(T25,Dept_Map!$A$2:$A$11,Dept_Map!$B$2:$B$11,"")) -> TRUE | V25: =IF(ISTEXT(H25),DATEVALUE(H25),H25) -> 46146 | W25: =IF(N25<>"Approved","",V25-_xlfn.XLOOKUP(M25,ReqSite_Export!$A$2:$A$82,ReqSite_Export!$K$2:$K$82)) -> 5 | X25: =IF(AND(I25="Filled",N25="Approved"),J25-_xlfn.XLOOKUP(M25,ReqSite_Export!$A$2:$A$82,ReqSite_Export!$K$2:$K$82),"") -> 33 | Y25: =TRIM(D25) -> HR
A26: 4125 | B26: RR-26-0030 | C26: Analytics Engineer | D26: Data and Analytics | E26: Amy Sorensen | F26: Imani Brooks | G26: Boston | H26: 46149 | I26: Filled | J26: 46223 | K26: Employee Referral | L26: 85 | M26: =TRIM(SUBSTITUTE(B26,CHAR(160),"")) -> RR-26-0030 | N26: =IF(M26="","Not found",_xlfn.XLOOKUP(M26,ReqSite_Export!$A$2:$A$82,ReqSite_Export!$J$2:$J$82,"Not found")) -> Approved | O26: =IF(N26="Not found","No request on file",IF(N26<>"Approved","Opened before approval","OK")) -> OK | P26: =IF(N26="Not found","",_xlfn.XLOOKUP(M26,ReqSite_Export!$A$2:$A$82,ReqSite_Export!$E$2:$E$82,"")) -> Analytics Engineer | Q26: =IF(P26="","",TRIM(C26)=TRIM(P26)) -> TRUE | R26: =IF(N26="Not found","",_xlfn.XLOOKUP(M26,ReqSite_Export!$A$2:$A$82,ReqSite_Export!$C$2:$C$82,"")) -> Amy Sorensen | S26: =IF(R26="","",TRIM(E26)=TRIM(R26)) -> TRUE | T26: =IF(N26="Not found","",_xlfn.XLOOKUP(M26,ReqSite_Export!$A$2:$A$82,ReqSite_Export!$D$2:$D$82,"")) -> Data & Analytics | U26: =IF(T26="","",TRIM(D26)=_xlfn.XLOOKUP(T26,Dept_Map!$A$2:$A$11,Dept_Map!$B$2:$B$11,"")) -> TRUE | V26: =IF(ISTEXT(H26),DATEVALUE(H26),H26) -> 46149 | W26: =IF(N26<>"Approved","",V26-_xlfn.XLOOKUP(M26,ReqSite_Export!$A$2:$A$82,ReqSite_Export!$K$2:$K$82)) -> 3 | X26: =IF(AND(I26="Filled",N26="Approved"),J26-_xlfn.XLOOKUP(M26,ReqSite_Export!$A$2:$A$82,ReqSite_Export!$K$2:$K$82),"") -> 77 | Y26: =TRIM(D26) -> Data and Analytics
A27: 4126 | B27: RR-26-0028 | C27: IT Support Specialist | D27: Information Technology | E27: Fatima Hassan | F27: Imani Brooks | G27: Boston | H27: 46153 | I27: Filled | J27: 46225 | K27: Careers Site | L27: 32 | M27: =TRIM(SUBSTITUTE(B27,CHAR(160),"")) -> RR-26-0028 | N27: =IF(M27="","Not found",_xlfn.XLOOKUP(M27,ReqSite_Export!$A$2:$A$82,ReqSite_Export!$J$2:$J$82,"Not found")) -> Approved | O27: =IF(N27="Not found","No request on file",IF(N27<>"Approved","Opened before approval","OK")) -> OK | P27: =IF(N27="Not found","",_xlfn.XLOOKUP(M27,ReqSite_Export!$A$2:$A$82,ReqSite_Export!$E$2:$E$82,"")) -> IT Support Specialist | Q27: =IF(P27="","",TRIM(C27)=TRIM(P27)) -> TRUE | R27: =IF(N27="Not found","",_xlfn.XLOOKUP(M27,ReqSite_Export!$A$2:$A$82,ReqSite_Export!$C$2:$C$82,"")) -> Fatima Hassan | S27: =IF(R27="","",TRIM(E27)=TRIM(R27)) -> TRUE | T27: =IF(N27="Not found","",_xlfn.XLOOKUP(M27,ReqSite_Export!$A$2:$A$82,ReqSite_Export!$D$2:$D$82,"")) -> IT | U27: =IF(T27="","",TRIM(D27)=_xlfn.XLOOKUP(T27,Dept_Map!$A$2:$A$11,Dept_Map!$B$2:$B$11,"")) -> TRUE | V27: =IF(ISTEXT(H27),DATEVALUE(H27),H27) -> 46153 | W27: =IF(N27<>"Approved","",V27-_xlfn.XLOOKUP(M27,ReqSite_Export!$A$2:$A$82,ReqSite_Export!$K$2:$K$82)) -> 5 | X27: =IF(AND(I27="Filled",N27="Approved"),J27-_xlfn.XLOOKUP(M27,ReqSite_Export!$A$2:$A$82,ReqSite_Export!$K$2:$K$82),"") -> 77 | Y27: =TRIM(D27) -> Information Technology
A28: 4127 | B28: RR-26-0025 | C28: Reserach Analyst | D28: Research | E28: Elena Vasquez | F28: Chris Palmer | G28: Toronto | H28: 46153 | I28: Filled | J28: 46230 | K28: Employee Referral | L28: 100 | M28: =TRIM(SUBSTITUTE(B28,CHAR(160),"")) -> RR-26-0025 | N28: =IF(M28="","Not found",_xlfn.XLOOKUP(M28,ReqSite_Export!$A$2:$A$82,ReqSite_Export!$J$2:$J$82,"Not found")) -> Approved | O28: =IF(N28="Not found","No request on file",IF(N28<>"Approved","Opened before approval","OK")) -> OK | P28: =IF(N28="Not found","",_xlfn.XLOOKUP(M28,ReqSite_Export!$A$2:$A$82,ReqSite_Export!$E$2:$E$82,"")) -> Research Analyst | Q28: =IF(P28="","",TRIM(C28)=TRIM(P28)) -> FALSE | R28: =IF(N28="Not found","",_xlfn.XLOOKUP(M28,ReqSite_Export!$A$2:$A$82,ReqSite_Export!$C$2:$C$82,"")) -> Elena Vasquez | S28: =IF(R28="","",TRIM(E28)=TRIM(R28)) -> TRUE | T28: =IF(N28="Not found","",_xlfn.XLOOKUP(M28,ReqSite_Export!$A$2:$A$82,ReqSite_Export!$D$2:$D$82,"")) -> Research | U28: =IF(T28="","",TRIM(D28)=_xlfn.XLOOKUP(T28,Dept_Map!$A$2:$A$11,Dept_Map!$B$2:$B$11,"")) -> TRUE | V28: =IF(ISTEXT(H28),DATEVALUE(H28),H28) -> 46153 | W28: =IF(N28<>"Approved","",V28-_xlfn.XLOOKUP(M28,ReqSite_Export!$A$2:$A$82,ReqSite_Export!$K$2:$K$82)) -> 6 | X28: =IF(AND(I28="Filled",N28="Approved"),J28-_xlfn.XLOOKUP(M28,ReqSite_Export!$A$2:$A$82,ReqSite_Export!$K$2:$K$82),"") -> 83 | Y28: =TRIM(D28) -> Research
A29: 4128 | B29: RR-26-0032 | C29: Research Analyst | D29: Research | E29: Megan O'Neill | F29: Chris Palmer | G29: Boston | H29: 46162 | I29: Filled | J29: 46223 | K29: Employee Referral | L29: 105 | M29: =TRIM(SUBSTITUTE(B29,CHAR(160),"")) -> RR-26-0032 | N29: =IF(M29="","Not found",_xlfn.XLOOKUP(M29,ReqSite_Export!$A$2:$A$82,ReqSite_Export!$J$2:$J$82,"Not found")) -> Approved | O29: =IF(N29="Not found","No request on file",IF(N29<>"Approved","Opened before approval","OK")) -> OK | P29: =IF(N29="Not found","",_xlfn.XLOOKUP(M29,ReqSite_Export!$A$2:$A$82,ReqSite_Export!$E$2:$E$82,"")) -> Research Analyst | Q29: =IF(P29="","",TRIM(C29)=TRIM(P29)) -> TRUE | R29: =IF(N29="Not found","",_xlfn.XLOOKUP(M29,ReqSite_Export!$A$2:$A$82,ReqSite_Export!$C$2:$C$82,"")) -> Megan O'Neill | S29: =IF(R29="","",TRIM(E29)=TRIM(R29)) -> TRUE | T29: =IF(N29="Not found","",_xlfn.XLOOKUP(M29,ReqSite_Export!$A$2:$A$82,ReqSite_Export!$D$2:$D$82,"")) -> Research | U29: =IF(T29="","",TRIM(D29)=_xlfn.XLOOKUP(T29,Dept_Map!$A$2:$A$11,Dept_Map!$B$2:$B$11,"")) -> TRUE | V29: =IF(ISTEXT(H29),DATEVALUE(H29),H29) -> 46162 | W29: =IF(N29<>"Approved","",V29-_xlfn.XLOOKUP(M29,ReqSite_Export!$A$2:$A$82,ReqSite_Export!$K$2:$K$82)) -> 2 | X29: =IF(AND(I29="Filled",N29="Approved"),J29-_xlfn.XLOOKUP(M29,ReqSite_Export!$A$2:$A$82,ReqSite_Export!$K$2:$K$82),"") -> 63 | Y29: =TRIM(D29) -> Research
A30: 4129 | B30: RR-26-0033 | C30: Research Analyst | D30: Research | E30: Elena Vasquez | F30: Chris Palmer | G30: Boston | H30: 46174 | I30: Filled | J30: 46225 | K30: Careers Site | L30: 92 | M30: =TRIM(SUBSTITUTE(B30,CHAR(160),"")) -> RR-26-0033 | N30: =IF(M30="","Not found",_xlfn.XLOOKUP(M30,ReqSite_Export!$A$2:$A$82,ReqSite_Export!$J$2:$J$82,"Not found")) -> Approved | O30: =IF(N30="Not found","No request on file",IF(N30<>"Approved","Opened before approval","OK")) -> OK | P30: =IF(N30="Not found","",_xlfn.XLOOKUP(M30,ReqSite_Export!$A$2:$A$82,ReqSite_Export!$E$2:$E$82,"")) -> Research Analyst | Q30: =IF(P30="","",TRIM(C30)=TRIM(P30)) -> TRUE | R30: =IF(N30="Not found","",_xlfn.XLOOKUP(M30,ReqSite_Export!$A$2:$A$82,ReqSite_Export!$C$2:$C$82,"")) -> Elena Vasquez | S30: =IF(R30="","",TRIM(E30)=TRIM(R30)) -> TRUE | T30: =IF(N30="Not found","",_xlfn.XLOOKUP(M30,ReqSite_Export!$A$2:$A$82,ReqSite_Export!$D$2:$D$82,"")) -> Research | U30: =IF(T30="","",TRIM(D30)=_xlfn.XLOOKUP(T30,Dept_Map!$A$2:$A$11,Dept_Map!$B$2:$B$11,"")) -> TRUE | V30: =IF(ISTEXT(H30),DATEVALUE(H30),H30) -> 46174 | W30: =IF(N30<>"Approved","",V30-_xlfn.XLOOKUP(M30,ReqSite_Export!$A$2:$A$82,ReqSite_Export!$K$2:$K$82)) -> 4 | X30: =IF(AND(I30="Filled",N30="Approved"),J30-_xlfn.XLOOKUP(M30,ReqSite_Export!$A$2:$A$82,ReqSite_Export!$K$2:$K$82),"") -> 55 | Y30: =TRIM(D30) -> Research
A31: 4130 | B31: RR-26-0036 | C31: Sales Development Representative | D31: Sales | E31: Carlos Mendes | F31: Dana Whitaker | G31: Boston | H31: 46181 | I31: Filled | J31: 46209 | K31: Employee Referral | L31: 75 | M31: =TRIM(SUBSTITUTE(B31,CHAR(160),"")) -> RR-26-0036 | N31: =IF(M31="","Not found",_xlfn.XLOOKUP(M31,ReqSite_Export!$A$2:$A$82,ReqSite_Export!$J$2:$J$82,"Not found")) -> Approved | O31: =IF(N31="Not found","No request on file",IF(N31<>"Approved","Opened before approval","OK")) -> OK | P31: =IF(N31="Not found","",_xlfn.XLOOKUP(M31,ReqSite_Export!$A$2:$A$82,ReqSite_Export!$E$2:$E$82,"")) -> Sales Development Representative | Q31: =IF(P31="","",TRIM(C31)=TRIM(P31)) -> TRUE | R31: =IF(N31="Not found","",_xlfn.XLOOKUP(M31,ReqSite_Export!$A$2:$A$82,ReqSite_Export!$C$2:$C$82,"")) -> Carlos Mendes | S31: =IF(R31="","",TRIM(E31)=TRIM(R31)) -> TRUE | T31: =IF(N31="Not found","",_xlfn.XLOOKUP(M31,ReqSite_Export!$A$2:$A$82,ReqSite_Export!$D$2:$D$82,"")) -> Sales | U31: =IF(T31="","",TRIM(D31)=_xlfn.XLOOKUP(T31,Dept_Map!$A$2:$A$11,Dept_Map!$B$2:$B$11,"")) -> TRUE | V31: =IF(ISTEXT(H31),DATEVALUE(H31),H31) -> 46181 | W31: =IF(N31<>"Approved","",V31-_xlfn.XLOOKUP(M31,ReqSite_Export!$A$2:$A$82,ReqSite_Export!$K$2:$K$82)) -> 3 | X31: =IF(AND(I31="Filled",N31="Approved"),J31-_xlfn.XLOOKUP(M31,ReqSite_Export!$A$2:$A$82,ReqSite_Export!$K$2:$K$82),"") -> 31 | Y31: =TRIM(D31) -> Sales
A32: 4131 | B32: RR-26-0037 | C32: Senior Research Analyst | D32: Research | E32: Elena Vasquez | F32: Chris Palmer | G32: Boston | H32: 2026-06-09 | I32: Filled | J32: 46233 | K32: Employee Referral | L32: 92 | M32: =TRIM(SUBSTITUTE(B32,CHAR(160),"")) -> RR-26-0037 | N32: =IF(M32="","Not found",_xlfn.XLOOKUP(M32,ReqSite_Export!$A$2:$A$82,ReqSite_Export!$J$2:$J$82,"Not found")) -> Approved | O32: =IF(N32="Not found","No request on file",IF(N32<>"Approved","Opened before approval","OK")) -> OK | P32: =IF(N32="Not found","",_xlfn.XLOOKUP(M32,ReqSite_Export!$A$2:$A$82,ReqSite_Export!$E$2:$E$82,"")) -> Senior Research Analyst | Q32: =IF(P32="","",TRIM(C32)=TRIM(P32)) -> TRUE | R32: =IF(N32="Not found","",_xlfn.XLOOKUP(M32,ReqSite_Export!$A$2:$A$82,ReqSite_Export!$C$2:$C$82,"")) -> Elena Vasquez | S32: =IF(R32="","",TRIM(E32)=TRIM(R32)) -> TRUE | T32: =IF(N32="Not found","",_xlfn.XLOOKUP(M32,ReqSite_Export!$A$2:$A$82,ReqSite_Export!$D$2:$D$82,"")) -> Research | U32: =IF(T32="","",TRIM(D32)=_xlfn.XLOOKUP(T32,Dept_Map!$A$2:$A$11,Dept_Map!$B$2:$B$11,"")) -> TRUE | V32: =IF(ISTEXT(H32),DATEVALUE(H32),H32) -> 46182 | W32: =IF(N32<>"Approved","",V32-_xlfn.XLOOKUP(M32,ReqSite_Export!$A$2:$A$82,ReqSite_Export!$K$2:$K$82)) -> 1 | X32: =IF(AND(I32="Filled",N32="Approved"),J32-_xlfn.XLOOKUP(M32,ReqSite_Export!$A$2:$A$82,ReqSite_Export!$K$2:$K$82),"") -> 52 | Y32: =TRIM(D32) -> Research
A33: 4132 | B33: RR-26-0034 | C33: Sr Consultant | D33: Consulting Services | E33: Sofia Marino | F33: Chris Palmer | G33: Boston | H33: 46185 | I33: Filled | J33: 46258 | K33: Careers Site | L33: 39 | M33: =TRIM(SUBSTITUTE(B33,CHAR(160),"")) -> RR-26-0034 | N33: =IF(M33="","Not found",_xlfn.XLOOKUP(M33,ReqSite_Export!$A$2:$A$82,ReqSite_Export!$J$2:$J$82,"Not found")) -> Approved | O33: =IF(N33="Not found","No request on file",IF(N33<>"Approved","Opened before approval","OK")) -> OK | P33: =IF(N33="Not found","",_xlfn.XLOOKUP(M33,ReqSite_Export!$A$2:$A$82,ReqSite_Export!$E$2:$E$82,"")) -> Senior Consultant | Q33: =IF(P33="","",TRIM(C33)=TRIM(P33)) -> FALSE | R33: =IF(N33="Not found","",_xlfn.XLOOKUP(M33,ReqSite_Export!$A$2:$A$82,ReqSite_Export!$C$2:$C$82,"")) -> Sofia Marino | S33: =IF(R33="","",TRIM(E33)=TRIM(R33)) -> TRUE | T33: =IF(N33="Not found","",_xlfn.XLOOKUP(M33,ReqSite_Export!$A$2:$A$82,ReqSite_Export!$D$2:$D$82,"")) -> Consulting | U33: =IF(T33="","",TRIM(D33)=_xlfn.XLOOKUP(T33,Dept_Map!$A$2:$A$11,Dept_Map!$B$2:$B$11,"")) -> TRUE | V33: =IF(ISTEXT(H33),DATEVALUE(H33),H33) -> 46185 | W33: =IF(N33<>"Approved","",V33-_xlfn.XLOOKUP(M33,ReqSite_Export!$A$2:$A$82,ReqSite_Export!$K$2:$K$82)) -> 16 | X33: =IF(AND(I33="Filled",N33="Approved"),J33-_xlfn.XLOOKUP(M33,ReqSite_Export!$A$2:$A$82,ReqSite_Export!$K$2:$K$82),"") -> 89 | Y33: =TRIM(D33) -> Consulting Services
A34: 4133 | B34: RR-26-0040 | C34: Account Manager | D34: Sales | E34: Carlos Mendes | F34: Dana Whitaker | G34: Toronto | H34: 46196 | I34: Filled | J34: 46226 | K34: Employee Referral | L34: 63 | M34: =TRIM(SUBSTITUTE(B34,CHAR(160),"")) -> RR-26-0040 | N34: =IF(M34="","Not found",_xlfn.XLOOKUP(M34,ReqSite_Export!$A$2:$A$82,ReqSite_Export!$J$2:$J$82,"Not found")) -> Approved | O34: =IF(N34="Not found","No request on file",IF(N34<>"Approved","Opened before approval","OK")) -> OK | P34: =IF(N34="Not found","",_xlfn.XLOOKUP(M34,ReqSite_Export!$A$2:$A$82,ReqSite_Export!$E$2:$E$82,"")) -> Account Manager | Q34: =IF(P34="","",TRIM(C34)=TRIM(P34)) -> TRUE | R34: =IF(N34="Not found","",_xlfn.XLOOKUP(M34,ReqSite_Export!$A$2:$A$82,ReqSite_Export!$C$2:$C$82,"")) -> Carlos Mendes | S34: =IF(R34="","",TRIM(E34)=TRIM(R34)) -> TRUE | T34: =IF(N34="Not found","",_xlfn.XLOOKUP(M34,ReqSite_Export!$A$2:$A$82,ReqSite_Export!$D$2:$D$82,"")) -> Sales | U34: =IF(T34="","",TRIM(D34)=_xlfn.XLOOKUP(T34,Dept_Map!$A$2:$A$11,Dept_Map!$B$2:$B$11,"")) -> TRUE | V34: =IF(ISTEXT(H34),DATEVALUE(H34),H34) -> 46196 | W34: =IF(N34<>"Approved","",V34-_xlfn.XLOOKUP(M34,ReqSite_Export!$A$2:$A$82,ReqSite_Export!$K$2:$K$82)) -> 1 | X34: =IF(AND(I34="Filled",N34="Approved"),J34-_xlfn.XLOOKUP(M34,ReqSite_Export!$A$2:$A$82,ReqSite_Export!$K$2:$K$82),"") -> 31 | Y34: =TRIM(D34) -> Sales
A35: 4134 | B35: RR-26-0038 | C35: Digital Marketing Analyst | D35: Mktg & Comms | E35: Ethan Park | F35: Dana Whitaker | G35: Boston | H35: 2026-07-01 | I35: Filled | J35: 46244 | K35: LinkedIn | L35: 26 | M35: =TRIM(SUBSTITUTE(B35,CHAR(160),"")) -> RR-26-0038 | N35: =IF(M35="","Not found",_xlfn.XLOOKUP(M35,ReqSite_Export!$A$2:$A$82,ReqSite_Export!$J$2:$J$82,"Not found")) -> Approved | O35: =IF(N35="Not found","No request on file",IF(N35<>"Approved","Opened before approval","OK")) -> OK | P35: =IF(N35="Not found","",_xlfn.XLOOKUP(M35,ReqSite_Export!$A$2:$A$82,ReqSite_Export!$E$2:$E$82,"")) -> Digital Marketing Analyst | Q35: =IF(P35="","",TRIM(C35)=TRIM(P35)) -> TRUE | R35: =IF(N35="Not found","",_xlfn.XLOOKUP(M35,ReqSite_Export!$A$2:$A$82,ReqSite_Export!$C$2:$C$82,"")) -> Ethan Park | S35: =IF(R35="","",TRIM(E35)=TRIM(R35)) -> TRUE | T35: =IF(N35="Not found","",_xlfn.XLOOKUP(M35,ReqSite_Export!$A$2:$A$82,ReqSite_Export!$D$2:$D$82,"")) -> Marketing | U35: =IF(T35="","",TRIM(D35)=_xlfn.XLOOKUP(T35,Dept_Map!$A$2:$A$11,Dept_Map!$B$2:$B$11,"")) -> TRUE | V35: =IF(ISTEXT(H35),DATEVALUE(H35),H35) -> 46204 | W35: =IF(N35<>"Approved","",V35-_xlfn.XLOOKUP(M35,ReqSite_Export!$A$2:$A$82,ReqSite_Export!$K$2:$K$82)) -> 16 | X35: =IF(AND(I35="Filled",N35="Approved"),J35-_xlfn.XLOOKUP(M35,ReqSite_Export!$A$2:$A$82,ReqSite_Export!$K$2:$K$82),"") -> 56 | Y35: =TRIM(D35) -> Mktg & Comms
A36: 4135 | B36: RR-26-0043 | C36: UX Designer | D36: Product Mgmt | E36: Leah Goldberg | F36: Imani Brooks | G36: Remote (US) | H36: 46209 | I36: Filled | J36: 46244 | K36: Careers Site | L36: 59 | M36: =TRIM(SUBSTITUTE(B36,CHAR(160),"")) -> RR-26-0043 | N36: =IF(M36="","Not found",_xlfn.XLOOKUP(M36,ReqSite_Export!$A$2:$A$82,ReqSite_Export!$J$2:$J$82,"Not found")) -> Approved | O36: =IF(N36="Not found","No request on file",IF(N36<>"Approved","Opened before approval","OK")) -> OK | P36: =IF(N36="Not found","",_xlfn.XLOOKUP(M36,ReqSite_Export!$A$2:$A$82,ReqSite_Export!$E$2:$E$82,"")) -> UX Designer | Q36: =IF(P36="","",TRIM(C36)=TRIM(P36)) -> TRUE | R36: =IF(N36="Not found","",_xlfn.XLOOKUP(M36,ReqSite_Export!$A$2:$A$82,ReqSite_Export!$C$2:$C$82,"")) -> Leah Goldberg | S36: =IF(R36="","",TRIM(E36)=TRIM(R36)) -> TRUE | T36: =IF(N36="Not found","",_xlfn.XLOOKUP(M36,ReqSite_Export!$A$2:$A$82,ReqSite_Export!$D$2:$D$82,"")) -> Product | U36: =IF(T36="","",TRIM(D36)=_xlfn.XLOOKUP(T36,Dept_Map!$A$2:$A$11,Dept_Map!$B$2:$B$11,"")) -> TRUE | V36: =IF(ISTEXT(H36),DATEVALUE(H36),H36) -> 46209 | W36: =IF(N36<>"Approved","",V36-_xlfn.XLOOKUP(M36,ReqSite_Export!$A$2:$A$82,ReqSite_Export!$K$2:$K$82)) -> 6 | X36: =IF(AND(I36="Filled",N36="Approved"),J36-_xlfn.XLOOKUP(M36,ReqSite_Export!$A$2:$A$82,ReqSite_Export!$K$2:$K$82),"") -> 41 | Y36: =TRIM(D36) -> Product Mgmt
A37: 4136 | B37: RR-26-0047 | C37: Research Associate | D37: Research | E37: Brian Cho | F37: Chris Palmer | G37: Boston | H37: 46210 | I37: Filled | J37: 46244 | K37: Employee Referral | L37: 107 | M37: =TRIM(SUBSTITUTE(B37,CHAR(160),"")) -> RR-26-0047 | N37: =IF(M37="","Not found",_xlfn.XLOOKUP(M37,ReqSite_Export!$A$2:$A$82,ReqSite_Export!$J$2:$J$82,"Not found")) -> Approved | O37: =IF(N37="Not found","No request on file",IF(N37<>"Approved","Opened before approval","OK")) -> OK | P37: =IF(N37="Not found","",_xlfn.XLOOKUP(M37,ReqSite_Export!$A$2:$A$82,ReqSite_Export!$E$2:$E$82,"")) -> Research Associate | Q37: =IF(P37="","",TRIM(C37)=TRIM(P37)) -> TRUE | R37: =IF(N37="Not found","",_xlfn.XLOOKUP(M37,ReqSite_Export!$A$2:$A$82,ReqSite_Export!$C$2:$C$82,"")) -> Brian Cho | S37: =IF(R37="","",TRIM(E37)=TRIM(R37)) -> TRUE | T37: =IF(N37="Not found","",_xlfn.XLOOKUP(M37,ReqSite_Export!$A$2:$A$82,ReqSite_Export!$D$2:$D$82,"")) -> Research | U37: =IF(T37="","",TRIM(D37)=_xlfn.XLOOKUP(T37,Dept_Map!$A$2:$A$11,Dept_Map!$B$2:$B$11,"")) -> TRUE | V37: =IF(ISTEXT(H37),DATEVALUE(H37),H37) -> 46210 | W37: =IF(N37<>"Approved","",V37-_xlfn.XLOOKUP(M37,ReqSite_Export!$A$2:$A$82,ReqSite_Export!$K$2:$K$82)) -> 1 | X37: =IF(AND(I37="Filled",N37="Approved"),J37-_xlfn.XLOOKUP(M37,ReqSite_Export!$A$2:$A$82,ReqSite_Export!$K$2:$K$82),"") -> 35 | Y37: =TRIM(D37) -> Research
A38: 4137 | B38: RR-26-0044 | C38: Analytics Engineer | D38: Data and Analytics | E38: Nikhil Rao | F38: Imani Brooks | G38: London | H38: 46212 | I38: Filled | J38: 46266 | K38: Employee Referral | L38: 84 | M38: =TRIM(SUBSTITUTE(B38,CHAR(160),"")) -> RR-26-0044 | N38: =IF(M38="","Not found",_xlfn.XLOOKUP(M38,ReqSite_Export!$A$2:$A$82,ReqSite_Export!$J$2:$J$82,"Not found")) -> Approved | O38: =IF(N38="Not found","No request on file",IF(N38<>"Approved","Opened before approval","OK")) -> OK | P38: =IF(N38="Not found","",_xlfn.XLOOKUP(M38,ReqSite_Export!$A$2:$A$82,ReqSite_Export!$E$2:$E$82,"")) -> Analytics Engineer | Q38: =IF(P38="","",TRIM(C38)=TRIM(P38)) -> TRUE | R38: =IF(N38="Not found","",_xlfn.XLOOKUP(M38,ReqSite_Export!$A$2:$A$82,ReqSite_Export!$C$2:$C$82,"")) -> Nikhil Rao | S38: =IF(R38="","",TRIM(E38)=TRIM(R38)) -> TRUE | T38: =IF(N38="Not found","",_xlfn.XLOOKUP(M38,ReqSite_Export!$A$2:$A$82,ReqSite_Export!$D$2:$D$82,"")) -> Data & Analytics | U38: =IF(T38="","",TRIM(D38)=_xlfn.XLOOKUP(T38,Dept_Map!$A$2:$A$11,Dept_Map!$B$2:$B$11,"")) -> TRUE | V38: =IF(ISTEXT(H38),DATEVALUE(H38),H38) -> 46212 | W38: =IF(N38<>"Approved","",V38-_xlfn.XLOOKUP(M38,ReqSite_Export!$A$2:$A$82,ReqSite_Export!$K$2:$K$82)) -> 3 | X38: =IF(AND(I38="Filled",N38="Approved"),J38-_xlfn.XLOOKUP(M38,ReqSite_Export!$A$2:$A$82,ReqSite_Export!$K$2:$K$82),"") -> 57 | Y38: =TRIM(D38) -> Data and Analytics
A39: 4138 | C39: Research Director | D39: Research | E39: Laura Whitfield | F39: Chris Palmer | G39: Boston | H39: 46217 | I39: Open | L39: 41 | M39: =TRIM(SUBSTITUTE(B39,CHAR(160),"")) | N39: =IF(M39="","Not found",_xlfn.XLOOKUP(M39,ReqSite_Export!$A$2:$A$82,ReqSite_Export!$J$2:$J$82,"Not found")) -> Not found | O39: =IF(N39="Not found","No request on file",IF(N39<>"Approved","Opened before approval","OK")) -> No request on file | P39: =IF(N39="Not found","",_xlfn.XLOOKUP(M39,ReqSite_Export!$A$2:$A$82,ReqSite_Export!$E$2:$E$82,"")) | Q39: =IF(P39="","",TRIM(C39)=TRIM(P39)) | R39: =IF(N39="Not found","",_xlfn.XLOOKUP(M39,ReqSite_Export!$A$2:$A$82,ReqSite_Export!$C$2:$C$82,"")) | S39: =IF(R39="","",TRIM(E39)=TRIM(R39)) | T39: =IF(N39="Not found","",_xlfn.XLOOKUP(M39,ReqSite_Export!$A$2:$A$82,ReqSite_Export!$D$2:$D$82,"")) | U39: =IF(T39="","",TRIM(D39)=_xlfn.XLOOKUP(T39,Dept_Map!$A$2:$A$11,Dept_Map!$B$2:$B$11,"")) | V39: =IF(ISTEXT(H39),DATEVALUE(H39),H39) -> 46217 | W39: =IF(N39<>"Approved","",V39-_xlfn.XLOOKUP(M39,ReqSite_Export!$A$2:$A$82,ReqSite_Export!$K$2:$K$82)) | X39: =IF(AND(I39="Filled",N39="Approved"),J39-_xlfn.XLOOKUP(M39,ReqSite_Export!$A$2:$A$82,ReqSite_Export!$K$2:$K$82),"") | Y39: =TRIM(D39) -> Research
A40: 4139 | B40: RR-26-0046 | C40: HR Coordinator | D40: HR | E40: Robert Hayes | F40: Owen Fitzgerald | G40: Remote (US) | H40: 46225 | I40: Filled | J40: 46274 | K40: Careers Site | L40: 61 | M40: =TRIM(SUBSTITUTE(B40,CHAR(160),"")) -> RR-26-0046 | N40: =IF(M40="","Not found",_xlfn.XLOOKUP(M40,ReqSite_Export!$A$2:$A$82,ReqSite_Export!$J$2:$J$82,"Not found")) -> Approved | O40: =IF(N40="Not found","No request on file",IF(N40<>"Approved","Opened before approval","OK")) -> OK | P40: =IF(N40="Not found","",_xlfn.XLOOKUP(M40,ReqSite_Export!$A$2:$A$82,ReqSite_Export!$E$2:$E$82,"")) -> HR Coordinator | Q40: =IF(P40="","",TRIM(C40)=TRIM(P40)) -> TRUE | R40: =IF(N40="Not found","",_xlfn.XLOOKUP(M40,ReqSite_Export!$A$2:$A$82,ReqSite_Export!$C$2:$C$82,"")) -> Robert Hayes | S40: =IF(R40="","",TRIM(E40)=TRIM(R40)) -> TRUE | T40: =IF(N40="Not found","",_xlfn.XLOOKUP(M40,ReqSite_Export!$A$2:$A$82,ReqSite_Export!$D$2:$D$82,"")) -> Human Resources | U40: =IF(T40="","",TRIM(D40)=_xlfn.XLOOKUP(T40,Dept_Map!$A$2:$A$11,Dept_Map!$B$2:$B$11,"")) -> TRUE | V40: =IF(ISTEXT(H40),DATEVALUE(H40),H40) -> 46225 | W40: =IF(N40<>"Approved","",V40-_xlfn.XLOOKUP(M40,ReqSite_Export!$A$2:$A$82,ReqSite_Export!$K$2:$K$82)) -> 16 | X40: =IF(AND(I40="Filled",N40="Approved"),J40-_xlfn.XLOOKUP(M40,ReqSite_Export!$A$2:$A$82,ReqSite_Export!$K$2:$K$82),"") -> 65 | Y40: =TRIM(D40) -> HR
A41: 4140 | B41: RR-26-0052 | C41: Research Director | D41: Research | E41: Megan O'Neill | F41: Chris Palmer | G41: Remote (US) | H41: 46230 | I41: Filled | J41: 46258 | K41: LinkedIn | L41: 45 | M41: =TRIM(SUBSTITUTE(B41,CHAR(160),"")) -> RR-26-0052 | N41: =IF(M41="","Not found",_xlfn.XLOOKUP(M41,ReqSite_Export!$A$2:$A$82,ReqSite_Export!$J$2:$J$82,"Not found")) -> Approved | O41: =IF(N41="Not found","No request on file",IF(N41<>"Approved","Opened before approval","OK")) -> OK | P41: =IF(N41="Not found","",_xlfn.XLOOKUP(M41,ReqSite_Export!$A$2:$A$82,ReqSite_Export!$E$2:$E$82,"")) -> Research Director | Q41: =IF(P41="","",TRIM(C41)=TRIM(P41)) -> TRUE | R41: =IF(N41="Not found","",_xlfn.XLOOKUP(M41,ReqSite_Export!$A$2:$A$82,ReqSite_Export!$C$2:$C$82,"")) -> Megan O'Neill | S41: =IF(R41="","",TRIM(E41)=TRIM(R41)) -> TRUE | T41: =IF(N41="Not found","",_xlfn.XLOOKUP(M41,ReqSite_Export!$A$2:$A$82,ReqSite_Export!$D$2:$D$82,"")) -> Research | U41: =IF(T41="","",TRIM(D41)=_xlfn.XLOOKUP(T41,Dept_Map!$A$2:$A$11,Dept_Map!$B$2:$B$11,"")) -> TRUE | V41: =IF(ISTEXT(H41),DATEVALUE(H41),H41) -> 46230 | W41: =IF(N41<>"Approved","",V41-_xlfn.XLOOKUP(M41,ReqSite_Export!$A$2:$A$82,ReqSite_Export!$K$2:$K$82)) -> 3 | X41: =IF(AND(I41="Filled",N41="Approved"),J41-_xlfn.XLOOKUP(M41,ReqSite_Export!$A$2:$A$82,ReqSite_Export!$K$2:$K$82),"") -> 31 | Y41: =TRIM(D41) -> Research
A42: 4141 | B42: RR-26-O050 | C42: Research Analyst | D42: Research | E42: Brian Cho | F42: Chris Palmer | G42: Boston | H42: 46233 | I42: Filled | J42: 46295 | K42: LinkedIn | L42: 95 | M42: =TRIM(SUBSTITUTE(B42,CHAR(160),"")) -> RR-26-O050 | N42: =IF(M42="","Not found",_xlfn.XLOOKUP(M42,ReqSite_Export!$A$2:$A$82,ReqSite_Export!$J$2:$J$82,"Not found")) -> Not found | O42: =IF(N42="Not found","No request on file",IF(N42<>"Approved","Opened before approval","OK")) -> No request on file | P42: =IF(N42="Not found","",_xlfn.XLOOKUP(M42,ReqSite_Export!$A$2:$A$82,ReqSite_Export!$E$2:$E$82,"")) | Q42: =IF(P42="","",TRIM(C42)=TRIM(P42)) | R42: =IF(N42="Not found","",_xlfn.XLOOKUP(M42,ReqSite_Export!$A$2:$A$82,ReqSite_Export!$C$2:$C$82,"")) | S42: =IF(R42="","",TRIM(E42)=TRIM(R42)) | T42: =IF(N42="Not found","",_xlfn.XLOOKUP(M42,ReqSite_Export!$A$2:$A$82,ReqSite_Export!$D$2:$D$82,"")) | U42: =IF(T42="","",TRIM(D42)=_xlfn.XLOOKUP(T42,Dept_Map!$A$2:$A$11,Dept_Map!$B$2:$B$11,"")) | V42: =IF(ISTEXT(H42),DATEVALUE(H42),H42) -> 46233 | W42: =IF(N42<>"Approved","",V42-_xlfn.XLOOKUP(M42,ReqSite_Export!$A$2:$A$82,ReqSite_Export!$K$2:$K$82)) | X42: =IF(AND(I42="Filled",N42="Approved"),J42-_xlfn.XLOOKUP(M42,ReqSite_Export!$A$2:$A$82,ReqSite_Export!$K$2:$K$82),"") | Y42: =TRIM(D42) -> Research
A43: 4142 | B43: RR-26-0051 | C43: Research Analyst | D43: Research | E43: Brian Cho | F43: Chris Palmer | G43: Boston | H43: 46237 | I43: Open | L43: 46 | M43: =TRIM(SUBSTITUTE(B43,CHAR(160),"")) -> RR-26-0051 | N43: =IF(M43="","Not found",_xlfn.XLOOKUP(M43,ReqSite_Export!$A$2:$A$82,ReqSite_Export!$J$2:$J$82,"Not found")) -> Approved | O43: =IF(N43="Not found","No request on file",IF(N43<>"Approved","Opened before approval","OK")) -> OK | P43: =IF(N43="Not found","",_xlfn.XLOOKUP(M43,ReqSite_Export!$A$2:$A$82,ReqSite_Export!$E$2:$E$82,"")) -> Research Analyst | Q43: =IF(P43="","",TRIM(C43)=TRIM(P43)) -> TRUE | R43: =IF(N43="Not found","",_xlfn.XLOOKUP(M43,ReqSite_Export!$A$2:$A$82,ReqSite_Export!$C$2:$C$82,"")) -> Elena Vasquez | S43: =IF(R43="","",TRIM(E43)=TRIM(R43)) -> FALSE | T43: =IF(N43="Not found","",_xlfn.XLOOKUP(M43,ReqSite_Export!$A$2:$A$82,ReqSite_Export!$D$2:$D$82,"")) -> Research | U43: =IF(T43="","",TRIM(D43)=_xlfn.XLOOKUP(T43,Dept_Map!$A$2:$A$11,Dept_Map!$B$2:$B$11,"")) -> TRUE | V43: =IF(ISTEXT(H43),DATEVALUE(H43),H43) -> 46237 | W43: =IF(N43<>"Approved","",V43-_xlfn.XLOOKUP(M43,ReqSite_Export!$A$2:$A$82,ReqSite_Export!$K$2:$K$82)) -> 11 | X43: =IF(AND(I43="Filled",N43="Approved"),J43-_xlfn.XLOOKUP(M43,ReqSite_Export!$A$2:$A$82,ReqSite_Export!$K$2:$K$82),"") | Y43: =TRIM(D43) -> Research
A44: 4143 | B44: RR-26-0049 | C44: Sr. Research Analyst | D44: Research | E44: Megan O'Neill | F44: Chris Palmer | G44: London | H44: 46240 | I44: Filled | J44: 46280 | K44: Employee Referral | L44: 54 | M44: =TRIM(SUBSTITUTE(B44,CHAR(160),"")) -> RR-26-0049 | N44: =IF(M44="","Not found",_xlfn.XLOOKUP(M44,ReqSite_Export!$A$2:$A$82,ReqSite_Export!$J$2:$J$82,"Not found")) -> Approved | O44: =IF(N44="Not found","No request on file",IF(N44<>"Approved","Opened before approval","OK")) -> OK | P44: =IF(N44="Not found","",_xlfn.XLOOKUP(M44,ReqSite_Export!$A$2:$A$82,ReqSite_Export!$E$2:$E$82,"")) -> Senior Research Analyst | Q44: =IF(P44="","",TRIM(C44)=TRIM(P44)) -> FALSE | R44: =IF(N44="Not found","",_xlfn.XLOOKUP(M44,ReqSite_Export!$A$2:$A$82,ReqSite_Export!$C$2:$C$82,"")) -> Megan O'Neill | S44: =IF(R44="","",TRIM(E44)=TRIM(R44)) -> TRUE | T44: =IF(N44="Not found","",_xlfn.XLOOKUP(M44,ReqSite_Export!$A$2:$A$82,ReqSite_Export!$D$2:$D$82,"")) -> Research | U44: =IF(T44="","",TRIM(D44)=_xlfn.XLOOKUP(T44,Dept_Map!$A$2:$A$11,Dept_Map!$B$2:$B$11,"")) -> TRUE | V44: =IF(ISTEXT(H44),DATEVALUE(H44),H44) -> 46240 | W44: =IF(N44<>"Approved","",V44-_xlfn.XLOOKUP(M44,ReqSite_Export!$A$2:$A$82,ReqSite_Export!$K$2:$K$82)) -> 16 | X44: =IF(AND(I44="Filled",N44="Approved"),J44-_xlfn.XLOOKUP(M44,ReqSite_Export!$A$2:$A$82,ReqSite_Export!$K$2:$K$82),"") -> 56 | Y44: =TRIM(D44) -> Research
A45: 4144 | B45: RR-26-0053 | C45: Sponsorship Sales Manager | D45: Events | E45: Grace Holloway | F45: Dana Whitaker | G45: Boston | H45: 46244 | I45: Open | L45: 18 | M45: =TRIM(SUBSTITUTE(B45,CHAR(160),"")) -> RR-26-0053 | N45: =IF(M45="","Not found",_xlfn.XLOOKUP(M45,ReqSite_Export!$A$2:$A$82,ReqSite_Export!$J$2:$J$82,"Not found")) -> Approved | O45: =IF(N45="Not found","No request on file",IF(N45<>"Approved","Opened before approval","OK")) -> OK | P45: =IF(N45="Not found","",_xlfn.XLOOKUP(M45,ReqSite_Export!$A$2:$A$82,ReqSite_Export!$E$2:$E$82,"")) -> Sponsorship Sales Manager | Q45: =IF(P45="","",TRIM(C45)=TRIM(P45)) -> TRUE | R45: =IF(N45="Not found","",_xlfn.XLOOKUP(M45,ReqSite_Export!$A$2:$A$82,ReqSite_Export!$C$2:$C$82,"")) -> Grace Holloway | S45: =IF(R45="","",TRIM(E45)=TRIM(R45)) -> TRUE | T45: =IF(N45="Not found","",_xlfn.XLOOKUP(M45,ReqSite_Export!$A$2:$A$82,ReqSite_Export!$D$2:$D$82,"")) -> Events | U45: =IF(T45="","",TRIM(D45)=_xlfn.XLOOKUP(T45,Dept_Map!$A$2:$A$11,Dept_Map!$B$2:$B$11,"")) -> TRUE | V45: =IF(ISTEXT(H45),DATEVALUE(H45),H45) -> 46244 | W45: =IF(N45<>"Approved","",V45-_xlfn.XLOOKUP(M45,ReqSite_Export!$A$2:$A$82,ReqSite_Export!$K$2:$K$82)) -> 11 | X45: =IF(AND(I45="Filled",N45="Approved"),J45-_xlfn.XLOOKUP(M45,ReqSite_Export!$A$2:$A$82,ReqSite_Export!$K$2:$K$82),"") | Y45: =TRIM(D45) -> Events
A46: 4145 | B46: RR-26-0054 | C46: Sales Operations Analyst | D46: Sales | E46: Jasmine Reid | F46: Dana Whitaker | G46: Boston | H46: 46246 | I46: Open | L46: 45 | M46: =TRIM(SUBSTITUTE(B46,CHAR(160),"")) -> RR-26-0054 | N46: =IF(M46="","Not found",_xlfn.XLOOKUP(M46,ReqSite_Export!$A$2:$A$82,ReqSite_Export!$J$2:$J$82,"Not found")) -> Approved | O46: =IF(N46="Not found","No request on file",IF(N46<>"Approved","Opened before approval","OK")) -> OK | P46: =IF(N46="Not found","",_xlfn.XLOOKUP(M46,ReqSite_Export!$A$2:$A$82,ReqSite_Export!$E$2:$E$82,"")) -> Sales Operations Analyst | Q46: =IF(P46="","",TRIM(C46)=TRIM(P46)) -> TRUE | R46: =IF(N46="Not found","",_xlfn.XLOOKUP(M46,ReqSite_Export!$A$2:$A$82,ReqSite_Export!$C$2:$C$82,"")) -> Jasmine Reid | S46: =IF(R46="","",TRIM(E46)=TRIM(R46)) -> TRUE | T46: =IF(N46="Not found","",_xlfn.XLOOKUP(M46,ReqSite_Export!$A$2:$A$82,ReqSite_Export!$D$2:$D$82,"")) -> Sales | U46: =IF(T46="","",TRIM(D46)=_xlfn.XLOOKUP(T46,Dept_Map!$A$2:$A$11,Dept_Map!$B$2:$B$11,"")) -> TRUE | V46: =IF(ISTEXT(H46),DATEVALUE(H46),H46) -> 46246 | W46: =IF(N46<>"Approved","",V46-_xlfn.XLOOKUP(M46,ReqSite_Export!$A$2:$A$82,ReqSite_Export!$K$2:$K$82)) -> 5 | X46: =IF(AND(I46="Filled",N46="Approved"),J46-_xlfn.XLOOKUP(M46,ReqSite_Export!$A$2:$A$82,ReqSite_Export!$K$2:$K$82),"") | Y46: =TRIM(D46) -> Sales
A47: 4146 | B47: RR-26-0056 | C47: Financial Analyst | D47: Finance | E47: Paul Mercer | F47: Owen Fitzgerald | G47: Remote (US) | H47: 46253 | I47: Open | L47: 51 | M47: =TRIM(SUBSTITUTE(B47,CHAR(160),"")) -> RR-26-0056 | N47: =IF(M47="","Not found",_xlfn.XLOOKUP(M47,ReqSite_Export!$A$2:$A$82,ReqSite_Export!$J$2:$J$82,"Not found")) -> Approved | O47: =IF(N47="Not found","No request on file",IF(N47<>"Approved","Opened before approval","OK")) -> OK | P47: =IF(N47="Not found","",_xlfn.XLOOKUP(M47,ReqSite_Export!$A$2:$A$82,ReqSite_Export!$E$2:$E$82,"")) -> Financial Analyst | Q47: =IF(P47="","",TRIM(C47)=TRIM(P47)) -> TRUE | R47: =IF(N47="Not found","",_xlfn.XLOOKUP(M47,ReqSite_Export!$A$2:$A$82,ReqSite_Export!$C$2:$C$82,"")) -> Paul Mercer | S47: =IF(R47="","",TRIM(E47)=TRIM(R47)) -> TRUE | T47: =IF(N47="Not found","",_xlfn.XLOOKUP(M47,ReqSite_Export!$A$2:$A$82,ReqSite_Export!$D$2:$D$82,"")) -> Finance | U47: =IF(T47="","",TRIM(D47)=_xlfn.XLOOKUP(T47,Dept_Map!$A$2:$A$11,Dept_Map!$B$2:$B$11,"")) -> TRUE | V47: =IF(ISTEXT(H47),DATEVALUE(H47),H47) -> 46253 | W47: =IF(N47<>"Approved","",V47-_xlfn.XLOOKUP(M47,ReqSite_Export!$A$2:$A$82,ReqSite_Export!$K$2:$K$82)) -> 9 | X47: =IF(AND(I47="Filled",N47="Approved"),J47-_xlfn.XLOOKUP(M47,ReqSite_Export!$A$2:$A$82,ReqSite_Export!$K$2:$K$82),"") | Y47: =TRIM(D47) -> Finance
A48: 4147 | B48: RR-26-0055 | C48: Engagement Manager | D48: Consulting Services | E48: Sofia Marino | F48: Chris Palmer | G48: London | H48: 46254 | I48: On Hold | L48: 58 | M48: =TRIM(SUBSTITUTE(B48,CHAR(160),"")) -> RR-26-0055 | N48: =IF(M48="","Not found",_xlfn.XLOOKUP(M48,ReqSite_Export!$A$2:$A$82,ReqSite_Export!$J$2:$J$82,"Not found")) -> Approved | O48: =IF(N48="Not found","No request on file",IF(N48<>"Approved","Opened before approval","OK")) -> OK | P48: =IF(N48="Not found","",_xlfn.XLOOKUP(M48,ReqSite_Export!$A$2:$A$82,ReqSite_Export!$E$2:$E$82,"")) -> Engagement Manager | Q48: =IF(P48="","",TRIM(C48)=TRIM(P48)) -> TRUE | R48: =IF(N48="Not found","",_xlfn.XLOOKUP(M48,ReqSite_Export!$A$2:$A$82,ReqSite_Export!$C$2:$C$82,"")) -> Sofia Marino | S48: =IF(R48="","",TRIM(E48)=TRIM(R48)) -> TRUE | T48: =IF(N48="Not found","",_xlfn.XLOOKUP(M48,ReqSite_Export!$A$2:$A$82,ReqSite_Export!$D$2:$D$82,"")) -> Consulting | U48: =IF(T48="","",TRIM(D48)=_xlfn.XLOOKUP(T48,Dept_Map!$A$2:$A$11,Dept_Map!$B$2:$B$11,"")) -> TRUE | V48: =IF(ISTEXT(H48),DATEVALUE(H48),H48) -> 46254 | W48: =IF(N48<>"Approved","",V48-_xlfn.XLOOKUP(M48,ReqSite_Export!$A$2:$A$82,ReqSite_Export!$K$2:$K$82)) -> 3 | X48: =IF(AND(I48="Filled",N48="Approved"),J48-_xlfn.XLOOKUP(M48,ReqSite_Export!$A$2:$A$82,ReqSite_Export!$K$2:$K$82),"") | Y48: =TRIM(D48) -> Consulting Services
A49: 4148 | B49: RR-26-0059 | C49: Account Manager | D49: Sales | E49: Michael Grant | F49: Dana Whitaker | G49: Boston | H49: 46254 | I49: On Hold | L49: 71 | M49: =TRIM(SUBSTITUTE(B49,CHAR(160),"")) -> RR-26-0059 | N49: =IF(M49="","Not found",_xlfn.XLOOKUP(M49,ReqSite_Export!$A$2:$A$82,ReqSite_Export!$J$2:$J$82,"Not found")) -> Approved | O49: =IF(N49="Not found","No request on file",IF(N49<>"Approved","Opened before approval","OK")) -> OK | P49: =IF(N49="Not found","",_xlfn.XLOOKUP(M49,ReqSite_Export!$A$2:$A$82,ReqSite_Export!$E$2:$E$82,"")) -> Account Manager | Q49: =IF(P49="","",TRIM(C49)=TRIM(P49)) -> TRUE | R49: =IF(N49="Not found","",_xlfn.XLOOKUP(M49,ReqSite_Export!$A$2:$A$82,ReqSite_Export!$C$2:$C$82,"")) -> Michael Grant | S49: =IF(R49="","",TRIM(E49)=TRIM(R49)) -> TRUE | T49: =IF(N49="Not found","",_xlfn.XLOOKUP(M49,ReqSite_Export!$A$2:$A$82,ReqSite_Export!$D$2:$D$82,"")) -> Sales | U49: =IF(T49="","",TRIM(D49)=_xlfn.XLOOKUP(T49,Dept_Map!$A$2:$A$11,Dept_Map!$B$2:$B$11,"")) -> TRUE | V49: =IF(ISTEXT(H49),DATEVALUE(H49),H49) -> 46254 | W49: =IF(N49<>"Approved","",V49-_xlfn.XLOOKUP(M49,ReqSite_Export!$A$2:$A$82,ReqSite_Export!$K$2:$K$82)) -> 2 | X49: =IF(AND(I49="Filled",N49="Approved"),J49-_xlfn.XLOOKUP(M49,ReqSite_Export!$A$2:$A$82,ReqSite_Export!$K$2:$K$82),"") | Y49: =TRIM(D49) -> Sales
A50: 4149 | B50: RR-26-0060 | C50: Research Associate | D50: Research | E50: Megan O'Neill | F50: Chris Palmer | G50: Boston | H50: 46266 | I50: Filled | J50: 46293 | K50: LinkedIn | L50: 89 | M50: =TRIM(SUBSTITUTE(B50,CHAR(160),"")) -> RR-26-0060 | N50: =IF(M50="","Not found",_xlfn.XLOOKUP(M50,ReqSite_Export!$A$2:$A$82,ReqSite_Export!$J$2:$J$82,"Not found")) -> Approved | O50: =IF(N50="Not found","No request on file",IF(N50<>"Approved","Opened before approval","OK")) -> OK | P50: =IF(N50="Not found","",_xlfn.XLOOKUP(M50,ReqSite_Export!$A$2:$A$82,ReqSite_Export!$E$2:$E$82,"")) -> Research Associate | Q50: =IF(P50="","",TRIM(C50)=TRIM(P50)) -> TRUE | R50: =IF(N50="Not found","",_xlfn.XLOOKUP(M50,ReqSite_Export!$A$2:$A$82,ReqSite_Export!$C$2:$C$82,"")) -> Megan O'Neill | S50: =IF(R50="","",TRIM(E50)=TRIM(R50)) -> TRUE | T50: =IF(N50="Not found","",_xlfn.XLOOKUP(M50,ReqSite_Export!$A$2:$A$82,ReqSite_Export!$D$2:$D$82,"")) -> Research | U50: =IF(T50="","",TRIM(D50)=_xlfn.XLOOKUP(T50,Dept_Map!$A$2:$A$11,Dept_Map!$B$2:$B$11,"")) -> TRUE | V50: =IF(ISTEXT(H50),DATEVALUE(H50),H50) -> 46266 | W50: =IF(N50<>"Approved","",V50-_xlfn.XLOOKUP(M50,ReqSite_Export!$A$2:$A$82,ReqSite_Export!$K$2:$K$82)) -> 5 | X50: =IF(AND(I50="Filled",N50="Approved"),J50-_xlfn.XLOOKUP(M50,ReqSite_Export!$A$2:$A$82,ReqSite_Export!$K$2:$K$82),"") -> 32 | Y50: =TRIM(D50) -> Research
A51: 4150 | B51: RR-26-0063 | C51: Senior Consultant | D51: Consulting Services | E51: Sofia Marino | F51: Chris Palmer | G51: London | H51: 46273 | I51: Open | L51: 19 | M51: =TRIM(SUBSTITUTE(B51,CHAR(160),"")) -> RR-26-0063 | N51: =IF(M51="","Not found",_xlfn.XLOOKUP(M51,ReqSite_Export!$A$2:$A$82,ReqSite_Export!$J$2:$J$82,"Not found")) -> Approved | O51: =IF(N51="Not found","No request on file",IF(N51<>"Approved","Opened before approval","OK")) -> OK | P51: =IF(N51="Not found","",_xlfn.XLOOKUP(M51,ReqSite_Export!$A$2:$A$82,ReqSite_Export!$E$2:$E$82,"")) -> Senior Consultant | Q51: =IF(P51="","",TRIM(C51)=TRIM(P51)) -> TRUE | R51: =IF(N51="Not found","",_xlfn.XLOOKUP(M51,ReqSite_Export!$A$2:$A$82,ReqSite_Export!$C$2:$C$82,"")) -> Sofia Marino | S51: =IF(R51="","",TRIM(E51)=TRIM(R51)) -> TRUE | T51: =IF(N51="Not found","",_xlfn.XLOOKUP(M51,ReqSite_Export!$A$2:$A$82,ReqSite_Export!$D$2:$D$82,"")) -> Consulting | U51: =IF(T51="","",TRIM(D51)=_xlfn.XLOOKUP(T51,Dept_Map!$A$2:$A$11,Dept_Map!$B$2:$B$11,"")) -> TRUE | V51: =IF(ISTEXT(H51),DATEVALUE(H51),H51) -> 46273 | W51: =IF(N51<>"Approved","",V51-_xlfn.XLOOKUP(M51,ReqSite_Export!$A$2:$A$82,ReqSite_Export!$K$2:$K$82)) -> 0 | X51: =IF(AND(I51="Filled",N51="Approved"),J51-_xlfn.XLOOKUP(M51,ReqSite_Export!$A$2:$A$82,ReqSite_Export!$K$2:$K$82),"") | Y51: =TRIM(D51) -> Consulting Services
A52: 4151 | B52: RR-26-0062 | C52: Product Manager | D52: Product Mgmt | E52: Leah Goldberg | F52: Imani Brooks | G52: Remote (US) | H52: 46274 | I52: Open | L52: 20 | M52: =TRIM(SUBSTITUTE(B52,CHAR(160),"")) -> RR-26-0062 | N52: =IF(M52="","Not found",_xlfn.XLOOKUP(M52,ReqSite_Export!$A$2:$A$82,ReqSite_Export!$J$2:$J$82,"Not found")) -> Approved | O52: =IF(N52="Not found","No request on file",IF(N52<>"Approved","Opened before approval","OK")) -> OK | P52: =IF(N52="Not found","",_xlfn.XLOOKUP(M52,ReqSite_Export!$A$2:$A$82,ReqSite_Export!$E$2:$E$82,"")) -> Product Manager | Q52: =IF(P52="","",TRIM(C52)=TRIM(P52)) -> TRUE | R52: =IF(N52="Not found","",_xlfn.XLOOKUP(M52,ReqSite_Export!$A$2:$A$82,ReqSite_Export!$C$2:$C$82,"")) -> Leah Goldberg | S52: =IF(R52="","",TRIM(E52)=TRIM(R52)) -> TRUE | T52: =IF(N52="Not found","",_xlfn.XLOOKUP(M52,ReqSite_Export!$A$2:$A$82,ReqSite_Export!$D$2:$D$82,"")) -> Product | U52: =IF(T52="","",TRIM(D52)=_xlfn.XLOOKUP(T52,Dept_Map!$A$2:$A$11,Dept_Map!$B$2:$B$11,"")) -> TRUE | V52: =IF(ISTEXT(H52),DATEVALUE(H52),H52) -> 46274 | W52: =IF(N52<>"Approved","",V52-_xlfn.XLOOKUP(M52,ReqSite_Export!$A$2:$A$82,ReqSite_Export!$K$2:$K$82)) -> 0 | X52: =IF(AND(I52="Filled",N52="Approved"),J52-_xlfn.XLOOKUP(M52,ReqSite_Export!$A$2:$A$82,ReqSite_Export!$K$2:$K$82),"") | Y52: =TRIM(D52) -> Product Mgmt
A53: 4152 | B53: RR-26-0061 | C53: Digital Marketing Analyst | D53: Mktg & Comms | E53: Ethan Park | F53: Dana Whitaker | G53: London | H53: 46274 | I53: Open | L53: 59 | M53: =TRIM(SUBSTITUTE(B53,CHAR(160),"")) -> RR-26-0061 | N53: =IF(M53="","Not found",_xlfn.XLOOKUP(M53,ReqSite_Export!$A$2:$A$82,ReqSite_Export!$J$2:$J$82,"Not found")) -> Approved | O53: =IF(N53="Not found","No request on file",IF(N53<>"Approved","Opened before approval","OK")) -> OK | P53: =IF(N53="Not found","",_xlfn.XLOOKUP(M53,ReqSite_Export!$A$2:$A$82,ReqSite_Export!$E$2:$E$82,"")) -> Digital Marketing Analyst | Q53: =IF(P53="","",TRIM(C53)=TRIM(P53)) -> TRUE | R53: =IF(N53="Not found","",_xlfn.XLOOKUP(M53,ReqSite_Export!$A$2:$A$82,ReqSite_Export!$C$2:$C$82,"")) -> Ethan Park | S53: =IF(R53="","",TRIM(E53)=TRIM(R53)) -> TRUE | T53: =IF(N53="Not found","",_xlfn.XLOOKUP(M53,ReqSite_Export!$A$2:$A$82,ReqSite_Export!$D$2:$D$82,"")) -> Marketing | U53: =IF(T53="","",TRIM(D53)=_xlfn.XLOOKUP(T53,Dept_Map!$A$2:$A$11,Dept_Map!$B$2:$B$11,"")) -> TRUE | V53: =IF(ISTEXT(H53),DATEVALUE(H53),H53) -> 46274 | W53: =IF(N53<>"Approved","",V53-_xlfn.XLOOKUP(M53,ReqSite_Export!$A$2:$A$82,ReqSite_Export!$K$2:$K$82)) -> 6 | X53: =IF(AND(I53="Filled",N53="Approved"),J53-_xlfn.XLOOKUP(M53,ReqSite_Export!$A$2:$A$82,ReqSite_Export!$K$2:$K$82),"") | Y53: =TRIM(D53) -> Mktg & Comms
A54: 4153 | B54: RR-26-0065 | C54: Account Executive | D54: Sales | E54: Mike Grant | F54: Dana Whitaker | G54: Boston | H54: 46283 | I54: Open | L54: 10 | M54: =TRIM(SUBSTITUTE(B54,CHAR(160),"")) -> RR-26-0065 | N54: =IF(M54="","Not found",_xlfn.XLOOKUP(M54,ReqSite_Export!$A$2:$A$82,ReqSite_Export!$J$2:$J$82,"Not found")) -> Approved | O54: =IF(N54="Not found","No request on file",IF(N54<>"Approved","Opened before approval","OK")) -> OK | P54: =IF(N54="Not found","",_xlfn.XLOOKUP(M54,ReqSite_Export!$A$2:$A$82,ReqSite_Export!$E$2:$E$82,"")) -> Account Executive | Q54: =IF(P54="","",TRIM(C54)=TRIM(P54)) -> TRUE | R54: =IF(N54="Not found","",_xlfn.XLOOKUP(M54,ReqSite_Export!$A$2:$A$82,ReqSite_Export!$C$2:$C$82,"")) -> Michael Grant | S54: =IF(R54="","",TRIM(E54)=TRIM(R54)) -> FALSE | T54: =IF(N54="Not found","",_xlfn.XLOOKUP(M54,ReqSite_Export!$A$2:$A$82,ReqSite_Export!$D$2:$D$82,"")) -> Sales | U54: =IF(T54="","",TRIM(D54)=_xlfn.XLOOKUP(T54,Dept_Map!$A$2:$A$11,Dept_Map!$B$2:$B$11,"")) -> TRUE | V54: =IF(ISTEXT(H54),DATEVALUE(H54),H54) -> 46283 | W54: =IF(N54<>"Approved","",V54-_xlfn.XLOOKUP(M54,ReqSite_Export!$A$2:$A$82,ReqSite_Export!$K$2:$K$82)) -> 3 | X54: =IF(AND(I54="Filled",N54="Approved"),J54-_xlfn.XLOOKUP(M54,ReqSite_Export!$A$2:$A$82,ReqSite_Export!$K$2:$K$82),"") | Y54: =TRIM(D54) -> Sales
A55: 4154 | B55: RR-26-0064 | C55: Account Executive, Enterprise | D55: Sales | E55: Jasmine Reid | F55: Dana Whitaker | G55: London | H55: 46286 | I55: Open | L55: 11 | M55: =TRIM(SUBSTITUTE(B55,CHAR(160),"")) -> RR-26-0064 | N55: =IF(M55="","Not found",_xlfn.XLOOKUP(M55,ReqSite_Export!$A$2:$A$82,ReqSite_Export!$J$2:$J$82,"Not found")) -> Approved | O55: =IF(N55="Not found","No request on file",IF(N55<>"Approved","Opened before approval","OK")) -> OK | P55: =IF(N55="Not found","",_xlfn.XLOOKUP(M55,ReqSite_Export!$A$2:$A$82,ReqSite_Export!$E$2:$E$82,"")) -> Account Executive | Q55: =IF(P55="","",TRIM(C55)=TRIM(P55)) -> FALSE | R55: =IF(N55="Not found","",_xlfn.XLOOKUP(M55,ReqSite_Export!$A$2:$A$82,ReqSite_Export!$C$2:$C$82,"")) -> Jasmine Reid | S55: =IF(R55="","",TRIM(E55)=TRIM(R55)) -> TRUE | T55: =IF(N55="Not found","",_xlfn.XLOOKUP(M55,ReqSite_Export!$A$2:$A$82,ReqSite_Export!$D$2:$D$82,"")) -> Sales | U55: =IF(T55="","",TRIM(D55)=_xlfn.XLOOKUP(T55,Dept_Map!$A$2:$A$11,Dept_Map!$B$2:$B$11,"")) -> TRUE | V55: =IF(ISTEXT(H55),DATEVALUE(H55),H55) -> 46286 | W55: =IF(N55<>"Approved","",V55-_xlfn.XLOOKUP(M55,ReqSite_Export!$A$2:$A$82,ReqSite_Export!$K$2:$K$82)) -> 4 | X55: =IF(AND(I55="Filled",N55="Approved"),J55-_xlfn.XLOOKUP(M55,ReqSite_Export!$A$2:$A$82,ReqSite_Export!$K$2:$K$82),"") | Y55: =TRIM(D55) -> Sales
A56: 4155 | B56: RR-26-0069 | C56: Sales Operations Analyst | D56: Sales | E56: Carlos Mendes | F56: Dana Whitaker | G56: Boston | H56: 2026-09-23 | I56: Open | L56: 16 | M56: =TRIM(SUBSTITUTE(B56,CHAR(160),"")) -> RR-26-0069 | N56: =IF(M56="","Not found",_xlfn.XLOOKUP(M56,ReqSite_Export!$A$2:$A$82,ReqSite_Export!$J$2:$J$82,"Not found")) -> Approved | O56: =IF(N56="Not found","No request on file",IF(N56<>"Approved","Opened before approval","OK")) -> OK | P56: =IF(N56="Not found","",_xlfn.XLOOKUP(M56,ReqSite_Export!$A$2:$A$82,ReqSite_Export!$E$2:$E$82,"")) -> Sales Operations Analyst | Q56: =IF(P56="","",TRIM(C56)=TRIM(P56)) -> TRUE | R56: =IF(N56="Not found","",_xlfn.XLOOKUP(M56,ReqSite_Export!$A$2:$A$82,ReqSite_Export!$C$2:$C$82,"")) -> Carlos Mendes | S56: =IF(R56="","",TRIM(E56)=TRIM(R56)) -> TRUE | T56: =IF(N56="Not found","",_xlfn.XLOOKUP(M56,ReqSite_Export!$A$2:$A$82,ReqSite_Export!$D$2:$D$82,"")) -> Sales | U56: =IF(T56="","",TRIM(D56)=_xlfn.XLOOKUP(T56,Dept_Map!$A$2:$A$11,Dept_Map!$B$2:$B$11,"")) -> TRUE | V56: =IF(ISTEXT(H56),DATEVALUE(H56),H56) -> 46288 | W56: =IF(N56<>"Approved","",V56-_xlfn.XLOOKUP(M56,ReqSite_Export!$A$2:$A$82,ReqSite_Export!$K$2:$K$82)) -> 6 | X56: =IF(AND(I56="Filled",N56="Approved"),J56-_xlfn.XLOOKUP(M56,ReqSite_Export!$A$2:$A$82,ReqSite_Export!$K$2:$K$82),"") | Y56: =TRIM(D56) -> Sales
A57: 4156 | B57: RR-26-0072 | C57: Sales Operations Analyst | D57: Sales | E57: Michael Grant | F57: Dana Whitaker | G57: Boston | H57: 46289 | I57: Open | L57: 16 | M57: =TRIM(SUBSTITUTE(B57,CHAR(160),"")) -> RR-26-0072 | N57: =IF(M57="","Not found",_xlfn.XLOOKUP(M57,ReqSite_Export!$A$2:$A$82,ReqSite_Export!$J$2:$J$82,"Not found")) -> Pending Approval | O57: =IF(N57="Not found","No request on file",IF(N57<>"Approved","Opened before approval","OK")) -> Opened before approval | P57: =IF(N57="Not found","",_xlfn.XLOOKUP(M57,ReqSite_Export!$A$2:$A$82,ReqSite_Export!$E$2:$E$82,"")) -> Sales Operations Analyst | Q57: =IF(P57="","",TRIM(C57)=TRIM(P57)) -> TRUE | R57: =IF(N57="Not found","",_xlfn.XLOOKUP(M57,ReqSite_Export!$A$2:$A$82,ReqSite_Export!$C$2:$C$82,"")) -> Michael Grant | S57: =IF(R57="","",TRIM(E57)=TRIM(R57)) -> TRUE | T57: =IF(N57="Not found","",_xlfn.XLOOKUP(M57,ReqSite_Export!$A$2:$A$82,ReqSite_Export!$D$2:$D$82,"")) -> Sales | U57: =IF(T57="","",TRIM(D57)=_xlfn.XLOOKUP(T57,Dept_Map!$A$2:$A$11,Dept_Map!$B$2:$B$11,"")) -> TRUE | V57: =IF(ISTEXT(H57),DATEVALUE(H57),H57) -> 46289 | W57: =IF(N57<>"Approved","",V57-_xlfn.XLOOKUP(M57,ReqSite_Export!$A$2:$A$82,ReqSite_Export!$K$2:$K$82)) | X57: =IF(AND(I57="Filled",N57="Approved"),J57-_xlfn.XLOOKUP(M57,ReqSite_Export!$A$2:$A$82,ReqSite_Export!$K$2:$K$82),"") | Y57: =TRIM(D57) -> Sales

Sheet Dept_Map
A1: Site_Dept | B1: iCIMS_Dept | D1: Site_Dept (seen) | E1: iCIMS_Dept (seen) | G1: Blank Site_Dept rows are iCIMS jobs with no request on file.
A2: Consulting | B2: Consulting Services | D2: {=_xlfn._xlws.SORT(_xlfn.UNIQUE(_xlfn.HSTACK(iCIMS_Export!$T$2:$T$57,TRIM(iCIMS_Export!$D$2:$D$57))))} | E2: Events
A3: Data & Analytics | B3: Data and Analytics | E3: Research
A4: Events | B4: Events | D4: Consulting | E4: Consulting Services
A5: Finance | B5: Finance | D5: Data & Analytics | E5: Data and Analytics
A6: Human Resources | B6: HR | D6: Events | E6: Events
A7: IT | B7: Information Technology | D7: Finance | E7: Finance
A8: Marketing | B8: Mktg & Comms | D8: Human Resources | E8: HR
A9: Product | B9: Product Mgmt | D9: IT | E9: Information Technology
A10: Research | B10: Research | D10: Marketing | E10: Mktg & Comms
A11: Sales | B11: Sales | D11: Marketing | E11: Events
D12: Product | E12: Product Mgmt
D13: Research | E13: Research
D14: Sales | E14: Sales

Sheet Pivot
A1: iCIMS jobs by department and request status
A2: Jobs | B2: Request status
A3: Department (cleaned) | B3: Approved | C3: No request on file | D3: Pending Approval | E3: Grand Total
A4: Consulting Services | B4: 4 | E4: 4
A5: Data and Analytics | B5: 4 | E5: 4
A6: Events | B6: 5 | C6: 1 | E6: 6
A7: Finance | B7: 3 | E7: 3
A8: HR | B8: 4 | E8: 4
A9: Information Technology | B9: 2 | E9: 2
A10: Mktg & Comms | B10: 4 | E10: 4
A11: Product Mgmt | B11: 4 | E11: 4
A12: Research | B12: 11 | C12: 2 | E12: 13
A13: Sales | B13: 11 | D13: 1 | E13: 12
A14: Grand Total | B14: 52 | C14: 3 | D14: 1 | E14: 56
